feature,t_raw,t_inc,t_ort,races,races_ort,survive_raw,survive_inc,survive_ort
選手x今節|fin|w10,-33.79707308023044,-28.595253418899727,-26.093972596914284,106196,106196,True,True,True
選手x今節|fin|w50,-33.79512346568146,-28.59423114797694,-26.091335756853915,106196,106196,True,True,True
選手x今節|fin|wall,-33.79512346568146,-28.59423114797694,-26.091335756853915,106196,106196,True,True,True
選手x今節|fin|w20,-33.79512346568146,-28.59423114797694,-26.091335756853915,106196,106196,True,True,True
選手x今節|fin|w5,-33.500243472448844,-27.430994674932652,-24.498075663131658,106196,106196,True,True,True
選手x今節|top2|w10,33.27474067887036,27.086427333692345,24.485013859091893,106196,106196,True,True,True
選手x今節|top2|w20,33.27423162345489,27.066338718816493,24.456782237886685,106196,106196,True,True,True
選手x今節|top2|wall,33.27423162345489,27.066338718816493,24.456782237886685,106196,106196,True,True,True
選手x今節|top2|w50,33.27423162345489,27.066338718816493,24.456782237886685,106196,106196,True,True,True
選手x場|fin|w5,-33.966966414069674,-27.886584546697726,-24.29030964498248,150745,149918,True,True,True
選手x今節|top3|w50,33.66631829375619,27.186270614866928,24.15837711977863,106196,106196,True,True,True
選手x今節|top3|w20,33.66631829375619,27.186270614866928,24.15837711977863,106196,106196,True,True,True
選手x今節|top3|wall,33.66631829375619,27.186270614866928,24.15837711977863,106196,106196,True,True,True
選手x今節|top3|w10,33.663496741839765,27.181943662968585,24.155046215377197,106196,106196,True,True,True
選手|fin|w5,-34.51253205115775,-27.84231667341606,-24.094853715257532,183001,181475,True,True,True
選手xコース|st|wall,-35.22192248060566,-27.334164848098602,-23.956954531293572,180599,179093,True,True,True
選手xコース|st|w50,-35.17142455944871,-27.128265421186132,-23.57771950645958,180599,179093,True,True,True
モーター|tt_rank|w20,-29.42746769072063,-25.606290555270636,-23.473862593144002,183555,182026,True,True,True
モーター|tt_z|w20,-29.16226724606294,-25.408616966613874,-23.26881472778179,183555,182026,True,True,True
選手x今節|win|w10,32.258824769868745,25.79748379669185,23.10385299880226,106196,106196,True,True,True
選手x今節|win|wall,32.24957962990145,25.77660005041097,23.07995066647866,106196,106196,True,True,True
選手x今節|win|w20,32.24957962990145,25.77660005041097,23.07995066647866,106196,106196,True,True,True
選手x今節|win|w50,32.24957962990145,25.77660005041097,23.07995066647866,106196,106196,True,True,True
選手x今節|top3|w5,33.38603225827802,26.27802701438738,23.010280541437353,106196,106196,True,True,True
選手|top2|w5,34.119561182861176,26.710228609708135,22.97999717901497,183001,181475,True,True,True
選手|st_rel|w5,-32.82793195715783,-25.127198570762086,-22.88690867138592,183174,181646,True,True,True
選手|top3|w5,34.447949781843114,26.947446390408302,22.877467771884444,183001,181475,True,True,True
選手x今節|top2|w5,32.79942854946672,25.656292372923225,22.62378929534656,106196,106196,True,True,True
選手x今節|st_rel|w10,-31.76396423459085,-24.488495307001568,-22.620877820283656,108774,108774,True,True,True
選手x今節|st_rel|w20,-31.768065121056914,-24.483685958377794,-22.61540084778017,108774,108774,True,True,True
選手x今節|st_rel|wall,-31.768065121056914,-24.483685958377794,-22.61540084778017,108774,108774,True,True,True
選手x今節|st_rel|w50,-31.768065121056914,-24.483685958377794,-22.61540084778017,108774,108774,True,True,True
選手x場|top3|w5,33.82384937222719,26.63320390929123,22.585869373619158,150745,149918,True,True,True
選手|st_rel|w10,-33.42514103641185,-25.115705643318904,-22.552877718699474,183178,181650,True,True,True
選手|st|w10,-33.62036596302291,-25.531304430107426,-22.536024032076483,183178,181650,True,True,True
選手xコース|st_rel|wall,-35.37900378417955,-25.41299485538307,-22.327779518800767,180599,179093,True,True,True
選手x場|top2|w5,33.398396024373426,26.09768346922017,22.247261540723148,150745,149918,True,True,True
選手x場|fin|w3,-33.04378267410419,-25.734971533468887,-22.160629378161047,123952,123386,True,True,True
選手|fin|w3,-33.56685843462943,-25.801258598047315,-22.14304485235221,146394,145365,True,True,True
モーター|tt_rank|w50,-27.749187745342173,-24.345040896135302,-22.1082618781221,183555,182026,True,True,True
モーター|tt_z|w50,-27.47933625825358,-24.339643973441653,-22.095967210779826,183555,182026,True,True,True
選手|st|w20,-33.96623029393888,-25.60907116472863,-22.048144649521507,183178,181650,True,True,True
選手|st_rel|w3,-31.799191638617618,-24.083460051021664,-21.981913458988615,177079,175683,True,True,True
モーター|tt_z|w10,-28.592466454874906,-24.571594848778425,-21.967552820288304,183555,182026,True,True,True
選手|win|w5,33.390158221175014,25.69567710589397,21.957492315872614,183001,181475,True,True,True
選手xコース|st_rel|w50,-35.3296913682884,-25.1318280388461,-21.89479974580079,180599,179093,True,True,True
モーター|tt_rank|w10,-28.777206988188844,-24.36247540542959,-21.73400844512652,183555,182026,True,True,True
選手x場|win|w5,32.61007760352431,25.433820564597603,21.716022428231103,150745,149918,True,True,True
選手x今節|fin|w3,-32.56077056584352,-24.96923690019804,-21.635867831027234,92587,92587,True,True,True
選手x今節|win|w5,31.699399770832724,24.578538987673074,21.473667776163204,106196,106196,True,True,True
選手xコース|st|w20,-34.92714747161082,-25.330282870767125,-21.448019248608453,180599,179093,True,True,True
選手|st|w50,-34.27311407838529,-25.734705936511688,-21.418708130006667,183178,181650,True,True,True
選手|st|w5,-32.76112545223769,-24.17939519980915,-21.40475672281477,183174,181646,True,True,True
選手x場|top3|w3,33.04298565063481,25.05522975369039,21.294111341857153,123955,123389,True,True,True
選手|fin|w10,-34.7819345298971,-26.628007970026363,-21.211388542076556,183162,181634,True,True,True
選手x今節|st_rel|w5,-31.20713053468267,-23.05094545236694,-20.95313689480696,108774,108774,True,True,True
モーター|tt_rank|w5,-29.287627413679644,-23.938726571652737,-20.88343278388281,183369,181845,True,True,True
選手|st_rel|w20,-33.68681181248376,-24.085177369861892,-20.797716877400184,183178,181650,True,True,True
選手|st|wall,-34.51559608579468,-25.887577023618643,-20.750849677106114,183178,181650,True,True,True
選手|top3|w3,33.47792809746636,24.56033599380503,20.71555511183051,146401,145370,True,True,True
選手x場|st_rel|w5,-31.73518540461076,-23.181629708828048,-20.702778994274535,151396,150561,True,True,True
モーター|tt_z|w5,-28.915835567939496,-23.781224181618327,-20.691737951698144,183369,181845,True,True,True
選手x場|top2|w3,31.80798040915487,24.210777226008755,20.623124783814188,123955,123389,True,True,True
選手|top2|w3,32.50190122071579,24.209392325449567,20.572328519311508,146401,145370,True,True,True
選手|top2|w10,34.618054271820746,25.809503822660727,20.562670197456193,183162,181634,True,True,True
選手|st|w3,-31.603127703514456,-22.861418462730654,-20.403814454881932,177079,175683,True,True,True
選手|win|w10,34.270846255972515,25.42506175373458,20.366772277769485,183162,181634,True,True,True
選手xコース|st_rel|w10,-35.0167395178387,-23.164474796037144,-20.350706156219978,180599,179093,True,True,True
選手x今節|top3|w3,32.54151568403273,23.830382524540006,20.254205546392456,92588,92588,True,True,True
選手x場|st|w20,-33.0349700237892,-24.19501528178196,-20.24186960119172,151398,150563,True,True,True
選手x場|st_rel|w3,-30.75886975826057,-22.430699968321967,-20.239270831205772,148188,147425,True,True,True
選手xコース|st|w10,-34.69202131049676,-23.79737628677173,-20.19809318014,180599,179093,True,True,True
選手x今節|st|w10,-31.238884418073106,-22.37873080821426,-20.049456884567324,108774,108774,True,True,True
選手x場|st_rel|w10,-32.495946910761276,-23.229946920297117,-20.03769627562484,151398,150563,True,True,True
選手x今節|st|wall,-31.238295199510286,-22.363026253591848,-20.03125825005337,108774,108774,True,True,True
選手x今節|st|w20,-31.238295199510286,-22.363026253591848,-20.03125825005337,108774,108774,True,True,True
選手x今節|st|w50,-31.238295199510286,-22.363026253591848,-20.03125825005337,108774,108774,True,True,True
選手x場|win|w10,33.64630499848004,25.139384388231008,20.02836965423648,150851,150020,True,True,True
選手xコース|st_rel|w20,-35.16499601609251,-23.415579087000516,-20.023176762403445,180599,179093,True,True,True
選手x今節|top2|w3,31.037886088141555,23.23362858334294,19.985874517483577,92588,92588,True,True,True
選手x今節|fin|lag2,-32.30253433836453,-23.08027453808001,-19.975674153951964,120039,120038,True,True,True
選手x場|st|wall,-32.9407886390468,-24.184902669629604,-19.875256575351653,151398,150563,True,True,True
選手x場|st|w50,-32.93087517793552,-24.07012816273141,-19.812303095209803,151398,150563,True,True,True
選手x場|st|w10,-32.50091282407398,-23.18975054535389,-19.744311622939215,151398,150563,True,True,True
選手|win|w3,30.88262965240383,23.25710884889254,19.729460688061838,146401,145370,True,True,True
選手x場|fin|w10,-34.229890428706554,-25.81844042435207,-19.695936943896033,150851,150020,True,True,True
選手xコース|st_rel|w5,-34.801815538319005,-22.1187890618552,-19.60549887741184,180599,179093,True,True,True
選手x場|st|w5,-31.56106234501879,-22.40127547378726,-19.60362066940818,151396,150561,True,True,True
選手|fin|lag2,-33.27637319788448,-23.290270453088116,-19.59867903872677,169216,167922,True,True,True
選手x場|fin|lag2,-32.833841102133576,-23.053926110536636,-19.54108133037394,150551,149844,True,True,True
選手x場|top2|w10,33.95819032782884,25.29457930816531,19.495169178174837,150851,150020,True,True,True
選手x場|win|w3,30.05877533113094,22.918267127056122,19.442470271178074,123955,123389,True,True,True
選手x今節|st_rel|w3,-30.102628475187565,-21.467687966440227,-19.428424997482164,108494,108494,True,True,True
選手|top3|w10,34.732152699491074,25.345303793331144,19.414521675365098,183162,181634,True,True,True
モーター|top3|w5,29.008749920538015,22.640015653215436,19.21806385136789,183369,181845,True,True,True
選手x今節|st|w5,-30.65422173436684,-21.570873197835294,-19.19045394963181,108774,108774,True,True,True
選手x場|st_rel|w20,-32.81164614686288,-23.072295232622483,-19.188818873668794,151398,150563,True,True,True
選手|win|wall,35.11727811269574,27.092041967409266,18.832646632106826,183162,181634,True,True,True
選手xコース|st|w5,-34.323020762451435,-22.081281503411553,-18.820229324018467,180599,179093,True,True,True
選手|st_rel|w50,-33.98400890056024,-22.947791383060174,-18.648922437753104,183178,181650,True,True,True
選手x場|top3|w10,34.12835413537151,24.93178446819727,18.613034870450385,150851,150020,True,True,True
選手xコース|st_rel|w3,-34.501562530063346,-20.86427588266033,-18.598286163208215,173549,172097,True,True,True
選手x今節|win|w3,29.037333610685632,21.761676453435097,18.533523286457125,92588,92588,True,True,True
モーター|tt_z|w3,-28.749054542962103,-21.90276188217404,-18.499182627944247,147357,146344,True,True,True
選手x場|st|w3,-30.347779483947086,-20.99904004710242,-18.418129288768213,148188,147425,True,True,True
選手x場|top3|lag2,32.56830946263019,21.90016134102706,18.344232708942872,150552,149845,True,True,True
選手x今節|top3|lag2,31.923171469093543,21.505553580574457,18.334181739096238,120040,120039,True,True,True
選手x場|st_rel|w50,-32.76496765335777,-22.609454054417114,-18.30512595867652,151398,150563,True,True,True
モーター|top3|w10,28.319867515196137,21.780409683397806,18.273194135663864,183555,182026,True,True,True
選手x場|st_rel|wall,-32.729789282865696,-22.530235979827218,-18.147974785213158,151398,150563,True,True,True
選手|top3|lag2,32.98181870469695,21.675515832929886,18.034199281663266,169219,167924,True,True,True
モーター|tt_rank|w3,-28.589948179534822,-21.369953314077108,-17.939802874088777,147357,146344,True,True,True
選手x場|fin|lag1,-29.513723553855954,-21.59987762580506,-17.92587526021507,160778,159941,True,True,True
選手x今節|fin|lag1,-28.858896279654818,-21.377496300114707,-17.82570826000176,143309,143308,True,True,True
選手x今節|fin|lag3,-31.793772665215517,-20.84733963948372,-17.609102224143417,103454,103454,True,True,True
選手|fin|lag1,-29.934162615839224,-21.296809747172304,-17.59785221552149,170185,168888,True,True,True
モーター|st_rel|w3,-26.818401140015357,-19.559037773745693,-17.55919287482775,177620,176249,True,True,True
選手|st_rel|lag2,-29.399104944270118,-19.415612928126066,-17.450053571323114,180979,179498,True,True,True
選手x今節|st|w3,-29.243962897641776,-19.571366297075393,-17.326883869433395,108494,108494,True,True,True
選手xコース|st|w3,-33.8258035320766,-20.27108585886221,-17.30938351876523,173549,172097,True,True,True
モーター|tt_z|lag2,-29.05616666225454,-20.630745331398803,-17.30228550649993,169649,168376,True,True,True
選手x今節|top2|lag2,29.693389782027744,20.30840096295852,17.292213492158115,120040,120039,True,True,True
選手|st_rel|wall,-34.21270594868123,-22.827126982406778,-17.263526950447915,183178,181650,True,True,True
選手|win|w20,34.707903801258134,24.355076666793575,17.220082567148864,183162,181634,True,True,True
モーターx今節|st_rel|w20,-27.406356158042065,-19.101782725887542,-17.202900689667985,111073,111002,True,True,True
モーター|top3|w20,26.96122945318262,20.92304202721541,17.089813980052252,183555,182026,True,True,True
選手x場|win|w20,33.745177032104145,24.17452091790856,17.062082430982123,150851,150020,True,True,True
モーター|tt_rank|lag2,-28.872429588338616,-20.354510989920556,-17.045902643419048,169649,168376,True,True,True
選手|top2|lag2,31.448443340434913,20.576600762706054,17.00582559694954,169219,167924,True,True,True
選手x場|win|wall,33.564527739889385,24.496946553703896,17.00503184891244,150851,150020,True,True,True
選手x場|fin|lag3,-32.40426918953937,-20.725631361472402,-16.97396738298684,141237,140468,True,True,True
選手x今節|top2|lag3,30.38772106679904,19.71143258458132,16.88636005646259,103455,103455,True,True,True
モーター|fin|lag2,-29.179858725725246,-20.179909786255664,-16.835441097849152,169649,168376,True,True,True
モーターx今節|top3|w20,29.305344730204933,20.264430458245876,16.805300782242988,108557,108486,True,True,True
モーターx今節|st_rel|w10,-27.237579234299265,-18.697942575038134,-16.779024936407666,111073,111002,True,True,True
選手x場|top3|lag1,28.400353560070243,20.40760972158868,16.77237232718101,160779,159942,True,True,True
モーター|top3|w3,26.922758335045312,20.318677347614152,16.741081199886896,147357,146344,True,True,True
選手x場|win|w50,33.645781410115156,24.33714403600399,16.713246504540592,150851,150020,True,True,True
モーターx今節|st_rel|w50,-26.735162849956815,-18.56384542382053,-16.691589832738163,111073,111002,True,True,True
選手x場|top2|lag2,30.605591484224934,20.20784452623826,16.66286686068327,150552,149845,True,True,True
モーター|st|w5,-28.71092117559221,-19.129124393604865,-16.645889895240504,183552,182023,True,True,True
選手x場|st_rel|lag1,-26.791683739666418,-18.553880071884738,-16.635932265453164,170979,170041,True,True,True
選手x今節|top3|lag1,27.68034499118986,20.10379075870462,16.530275734068955,143310,143309,True,True,True
選手|st_rel|lag1,-27.179451218034412,-18.52101987366769,-16.5244651564964,181468,180032,True,True,True
選手x今節|st_rel|lag2,-27.56800286279582,-18.288744794429,-16.486899619142697,126325,126324,True,True,True
モーター|top2|w5,25.90285507611253,19.86263213822045,16.467087151113752,183369,181845,True,True,True
選手x場|top2|lag3,31.08662622140761,19.754000542987242,16.436271447271942,141238,140469,True,True,True
モーター|tt_z|lag3,-28.414144867026963,-19.522330421687926,-16.425565051349437,169493,168120,True,True,True
モーターx今節|top3|w10,28.477411725398635,19.824018022661864,16.36903797172784,108557,108486,True,True,True
モーター|st_rel|w5,-26.834757944915207,-18.56601161791182,-16.344891056533484,183552,182023,True,True,True
選手x今節|st_rel|lag1,-26.19014792448532,-18.240751077370543,-16.331339804798457,151777,151766,True,True,True
モーターx今節|st|w10,-28.46432520890704,-18.654098893581263,-16.28558459483766,111073,111002,True,True,True
選手x場|st_rel|lag2,-28.367033184496616,-18.3039778973769,-16.282647918515565,160113,159300,True,True,True
モーター|fin|w5,-26.686384974624062,-19.694741424256982,-16.26522944670618,183369,181845,True,True,True
モーター|top3|lag2,29.069807800502264,19.678087592064553,16.257099923829863,169649,168376,True,True,True
選手|top3|lag1,28.865528879928682,19.903241768754516,16.20754364286718,170188,168890,True,True,True
モーターx今節|top3|w50,29.04561333755592,19.670797279139485,16.191485711539727,108557,108486,True,True,True
ボート|top3|w5,27.797234311266397,19.57316470325399,16.084655304978693,183327,181824,True,True,True
選手x今節|win|lag2,26.465063081598892,18.717824255488157,16.056967789567317,120040,120039,True,True,True
選手|fin|lag3,-32.913162954124445,-20.162958176284153,-16.040838815064383,169022,167651,True,True,True
モーター|top2|w10,26.287931943015703,19.686542539066476,16.037760051016093,183555,182026,True,True,True
モーターx今節|fin|lag2,-28.528586891081247,-19.224235754995213,-16.012759207786345,121829,121758,True,True,True
選手|st_rel|lag3,-28.53082515396355,-17.9919943789145,-15.986181450252014,180834,179315,True,True,True
選手|win|lag2,28.714435963602728,19.15218620572462,15.918185924072885,169219,167924,True,True,True
選手xコース|st_rel|lag1,-33.44190826591879,-17.69642065598233,-15.901397589850829,180291,178793,True,True,True
選手x場|top2|lag1,24.659364395480768,19.136145939128074,15.85493938924451,160779,159942,True,True,True
モーターx今節|st|w50,-27.636996042915346,-18.180329649486186,-15.843366861808724,111073,111002,True,True,True
モーター|tt_rank|lag3,-28.27570941758971,-18.912152231801407,-15.827773985891088,169493,168120,True,True,True
選手|top2|lag3,31.72186567965022,19.239403751726936,15.78044099196201,169025,167653,True,True,True
モーターx今節|st|w20,-27.875974497364762,-18.095633657377242,-15.778843473581368,111073,111002,True,True,True
選手x今節|top3|lag3,31.3092263709546,19.01702935182979,15.763447159427255,103455,103455,True,True,True
選手x場|win|lag1,21.344560138166248,18.697271009252184,15.763140018727311,160779,159942,True,True,True
モーター|fin|w10,-26.43911795617369,-19.2209476635811,-15.740761969238138,183555,182026,True,True,True
モーター|tt_z|lag1,-27.635536708127287,-19.332966438753527,-15.735402779151519,170567,169292,True,True,True
選手x今節|tt_z|w10,-31.11259232727064,-19.940899584061512,-15.690079604693818,106196,106196,True,True,True
選手x今節|tt_z|w50,-31.116087200113967,-19.934130011814144,-15.680994128574035,106196,106196,True,True,True
選手x今節|tt_z|w20,-31.116087200113967,-19.934130011814144,-15.680994128574035,106196,106196,True,True,True
選手x今節|tt_z|wall,-31.116087200113967,-19.934130011814144,-15.680994128574035,106196,106196,True,True,True
モーターx今節|st|w5,-28.10191787361424,-18.03949666463119,-15.666683786135051,111073,111002,True,True,True
選手x場|win|lag2,27.78734637511984,18.725048578658583,15.658747568078926,150552,149845,True,True,True
選手x今節|tt_rank|w5,-30.830042334371353,-19.816527086478064,-15.61830764250843,106196,106196,True,True,True
選手x今節|top2|lag1,23.56953152569438,18.787441913064626,15.60758685442008,143310,143309,True,True,True
ボート|st|w5,-27.979881725949884,-17.950439178810658,-15.60317466911018,183480,181977,True,True,True
選手|top2|w20,34.834960326849824,23.603990399269954,15.584698655807417,183162,181634,True,True,True
選手x今節|tt_rank|w10,-31.03625435143657,-19.76436276951718,-15.57299451291971,106196,106196,True,True,True
ボート|top3|w3,26.015747185340743,18.992728853870467,15.572186609969796,147729,146587,True,True,True
選手x今節|tt_z|w5,-30.852244149430692,-19.802012883550933,-15.571594212607396,106196,106196,True,True,True
選手|top2|lag1,25.535638792142176,18.888057841554932,15.568919409619564,170188,168890,True,True,True
選手x今節|tt_rank|w20,-31.040453019424557,-19.751765858736558,-15.55476540594413,106196,106196,True,True,True
選手x今節|tt_rank|w50,-31.040453019424557,-19.751765858736558,-15.55476540594413,106196,106196,True,True,True
選手x今節|tt_rank|wall,-31.040453019424557,-19.751765858736558,-15.55476540594413,106196,106196,True,True,True
モーター|st|w3,-27.469772406505303,-17.79525252168603,-15.459655897485414,177620,176249,True,True,True
ボート|st_rel|w3,-25.602339550189562,-17.33656946193693,-15.456538775691223,177558,176139,True,True,True
選手|win|lag1,22.06164251771391,18.38200957267466,15.454587118858756,170188,168890,True,True,True
選手x今節|win|lag1,20.084170436764346,18.282241262298452,15.430535484336769,143310,143309,True,True,True
選手x今節|tt_z|lag2,-29.710993438151537,-19.1246398454422,-15.397046382353913,120040,120039,True,True,True
モーターx今節|top3|lag2,28.380310980634505,18.58261347495697,15.370370986061173,121829,121758,True,True,True
モーターx今節|top3|w5,27.402375656237464,18.889207962250723,15.315620016595242,108556,108485,True,True,True
モーター|tt_rank|lag1,-27.428902002230355,-18.8688235489078,-15.272763596702877,170567,169292,True,True,True
ボート|tt_z|w5,-26.63901845895386,-18.82403673013817,-15.22512573720308,183327,181824,True,True,True
ボート|st_rel|w5,-26.023567485579154,-17.28668730504234,-15.221896598096837,183480,181977,True,True,True
モーター|tt_z|lag5,-26.927269051157584,-17.697135463263795,-15.189760077922827,169384,167959,True,True,True
モーターx今節|tt_rank|wall,-28.160910378617967,-19.020208561276608,-15.182595647693452,108557,108486,True,True,True
モーターx今節|tt_z|wall,-27.296736960473332,-19.066364274793482,-15.174508048778154,108557,108486,True,True,True
選手xコース|st|lag1,-32.304138364869424,-17.307438764769504,-15.146799961238454,180291,178793,True,True,True
モーターx今節|tt_rank|w10,-27.554964092007094,-19.06769463002417,-15.138471620040574,108557,108486,True,True,True
モーターx今節|tt_rank|w20,-28.969207383942237,-19.049437455434447,-15.10990593140234,108557,108486,True,True,True
モーターx今節|tt_z|lag2,-28.22299756415121,-18.665340006145698,-15.097385888065743,121829,121758,True,True,True
モーターx今節|tt_z|w50,-28.51239277397204,-19.099668730837944,-15.083965551422873,108557,108486,True,True,True
モーターx今節|tt_rank|w50,-28.77243857172862,-19.035468403313764,-15.080452619735878,108557,108486,True,True,True
選手x場|top3|lag3,31.9132075460348,18.896978563719696,15.073245473194591,141238,140469,True,True,True
モーターx今節|tt_z|w10,-27.107692372876823,-19.039332468018628,-15.059994611483075,108557,108486,True,True,True
選手x場|top2|w20,34.00278985946044,23.61423009051639,15.044119361510953,150851,150020,True,True,True
選手|st|lag2,-28.75311884820048,-17.290415324616102,-15.018142790650579,180979,179498,True,True,True
ボート|fin|lag2,-28.372269905598042,-18.42351121099769,-15.016003473971393,169632,168273,True,True,True
モーターx今節|tt_z|w20,-28.735573528290203,-18.993981645458852,-15.012516293309254,108557,108486,True,True,True
モーターx今節|top2|w20,27.334482708228983,18.016663786050913,14.988216819975587,108557,108486,True,True,True
モーターx今節|tt_rank|w5,-26.98439427510469,-18.857704295765654,-14.965647463739742,108556,108485,True,True,True
選手x今節|tt_rank|lag2,-29.496159732935908,-18.669603393402245,-14.954183929052448,120040,120039,True,True,True
モーターx今節|st_rel|w5,-25.745332666062147,-17.014697161089785,-14.94505968838028,111073,111002,True,True,True
選手x今節|tt_z|lag1,-28.470879779421182,-18.848995341107486,-14.937028461104076,143310,143309,True,True,True
モーター|tt_rank|lag5,-26.9018561774877,-17.394879105947343,-14.926207319707522,169384,167959,True,True,True
モーターx今節|fin|w20,-27.99999546575098,-18.109755375078525,-14.903087866312037,108557,108486,True,True,True
選手|win|w50,34.98406455555446,24.35581029346011,14.882741535397471,183162,181634,True,True,True
ボート|tt_z|w3,-27.193819582562405,-18.601835458306635,-14.870903115444737,147729,146587,True,True,True
モーター|fin|w3,-25.095651505598035,-18.376199285224086,-14.864896834845313,147356,146344,True,True,True
選手xコース|win|wall,35.56413916268957,18.291884957869776,14.840692842169306,180509,179003,True,True,True
モーター|st_rel|lag2,-25.25682530299581,-16.640929412562038,-14.800483966417232,181269,179817,True,True,True
モーター|st_rel|w10,-26.191617220469062,-17.14627491972944,-14.79506388747241,183557,182028,True,True,True
モーターx今節|st|wall,-26.019043659357227,-17.11438283291884,-14.794930922202866,111073,111002,True,True,True
モーターx今節|tt_z|w5,-26.367116916327948,-18.698456040038415,-14.78434901185421,108556,108485,True,True,True
モーター|fin|lag3,-28.877419963793535,-17.979938261393542,-14.713010529631738,169493,168120,True,True,True
モーター|top2|w3,23.051091931900647,18.078481502937283,14.700565367799715,147357,146344,True,True,True
ボート|tt_rank|w5,-26.87702153603086,-18.33942524600067,-14.699732469036276,183327,181824,True,True,True
選手|st|lag3,-28.369996432592295,-16.842766574416324,-14.69633321949248,180834,179315,True,True,True
選手xコース|win|lag1,35.17769069798492,17.178717730741063,14.691889885637092,168462,167094,True,True,True
モーターx今節|tt_z|lag1,-27.247206131324297,-18.391026105196207,-14.678671475356687,144378,144305,True,True,True
モーターx今節|top2|w10,26.159300734842002,17.69981168129357,14.667034270204432,108557,108486,True,True,True
ボート|top3|lag2,28.25471264847037,18.007029935568557,14.665221973385647,169632,168273,True,True,True
選手xコース|win|w50,35.56171333291466,18.29038990855872,14.640427299932407,180509,179003,True,True,True
モーターx今節|st_rel|w3,-25.040421044528323,-16.624922012756894,-14.621120264564663,110779,110708,True,True,True
モーターx今節|fin|lag3,-28.96522350755732,-17.809465547916712,-14.61653411963299,105722,105652,True,True,True
モーター|top2|lag2,25.81198270388341,17.944126485641213,14.594378217860948,169649,168376,True,True,True
ボート|st|w3,-26.586932865940692,-16.729509842289186,-14.590187887916239,177558,176139,True,True,True
選手x場|tt_z|lag2,-30.127643510760425,-18.643683435898172,-14.574934904503657,150552,149845,True,True,True
選手x今節|tt_rank|lag1,-28.1734695940419,-18.426873437758488,-14.566728551713306,143310,143309,True,True,True
選手x場|fin|w20,-34.17901017608511,-23.80372028797233,-14.543843404893359,150851,150020,True,True,True
モーター|top3|lag1,22.776551751949135,17.99266755348966,14.539066092746392,170567,169292,True,True,True
モーターx今節|tt_rank|lag2,-28.013204512606944,-18.085361892118524,-14.530646111309688,121829,121758,True,True,True
モーター|st_rel|lag1,-22.778983394564943,-16.41380429851652,-14.494813556269243,181667,180230,True,True,True
モーターx今節|fin|w50,-27.719075049923863,-17.67408686933756,-14.478218597323478,108557,108486,True,True,True
選手x今節|st_rel|lag3,-26.384390591329797,-16.23795609207829,-14.47139343835018,108709,108709,True,True,True
選手x場|win|lag3,28.62713675914329,17.4601592798588,14.463764889141599,141238,140469,True,True,True
モーター|fin|lag1,-22.914433771497876,-17.918787477338398,-14.424011995204605,170566,169292,True,True,True
選手x場|st|lag2,-27.62817677199851,-16.509895304560825,-14.418958386092932,160113,159300,True,True,True
モーター|top2|w20,25.18825599987241,18.665604587333377,14.398253708544615,183555,182026,True,True,True
ボート|tt_z|lag1,-26.660123033743506,-17.894870846694488,-14.395401449418083,170671,169301,True,True,True
選手x場|tt_z|lag1,-28.632482913526662,-18.471062090772733,-14.377468837982391,160779,159942,True,True,True
モーター|top3|w50,23.99729335520542,19.09467323057812,14.330766564339324,183555,182026,True,True,True
モーターx今節|top2|w50,26.865579223119756,17.325866995606155,14.323494058604062,108557,108486,True,True,True
選手|top2|wall,35.09891634635115,25.04057162709146,14.31477567774907,183162,181634,True,True,True
モーターx今節|st_rel|lag1,-22.284111091469583,-16.19572402038133,-14.313307287895254,152689,152607,True,True,True
選手|st|lag1,-27.504161354672714,-16.576764360316908,-14.283093076002304,181468,180032,True,True,True
選手|tt_z|lag2,-30.391016847515033,-18.30935865631833,-14.268516059585798,169218,167924,True,True,True
選手x場|st_rel|lag3,-27.07425854931584,-16.32045936942211,-14.263412094258795,150171,149339,True,True,True
モーターx今節|tt_rank|lag1,-26.997590528621274,-17.899823284069058,-14.22667614428065,144378,144305,True,True,True
モーター|fin|w20,-24.790190954730896,-18.102861613197664,-14.20233823748998,183555,182026,True,True,True
選手|fin|w20,-34.899474185461095,-23.283617075361136,-14.195725092639348,183162,181634,True,True,True
モーターx今節|st_rel|wall,-24.840962973775873,-16.084997095064065,-14.183702911115862,111073,111002,True,True,True
選手|top3|lag3,32.49113097478978,18.339778753444445,14.176109677372674,169025,167653,True,True,True
選手|win|lag3,29.54800354177727,17.240330391937945,14.166018784698437,169025,167653,True,True,True
選手x場|tt_rank|lag2,-29.967202036237897,-18.2097682671988,-14.155315125139152,150552,149845,True,True,True
ボート|tt_rank|w3,-26.956495183556353,-17.914351101644364,-14.14825668013337,147729,146587,True,True,True
選手x今節|tt_z|w3,-29.60086113969989,-18.233567533426857,-14.132182461374093,92588,92588,True,True,True
ボート|tt_z|lag2,-27.475614168701018,-17.535399462181392,-14.120796244140191,169632,168273,True,True,True
モーターx今節|fin|w10,-26.689451705135472,-17.293627054710218,-14.101129311545588,108557,108486,True,True,True
選手|tt_z|lag1,-28.47478669073059,-18.088259823430647,-14.060385142596298,170187,168889,True,True,True
モーターx今節|top2|lag3,26.865891053332902,16.871269276333155,14.059627879423097,105722,105652,True,True,True
選手x今節|win|lag3,27.63162634216545,16.813225217963282,14.054912997630831,103455,103455,True,True,True
モーターx今節|st_rel|lag2,-24.855392702891084,-15.882062593793368,-14.053685924350614,128052,127979,True,True,True
ボート|top2|w5,24.20738015117141,17.22057698148614,14.02751310211697,183327,181824,True,True,True
選手x場|st|lag1,-26.99821419430338,-16.38267244820907,-14.022874667972648,170979,170041,True,True,True
ボート|tt_rank|lag2,-27.363814871708186,-17.350733694630726,-13.954301877289373,169632,168273,True,True,True
選手x場|tt_rank|lag1,-28.278250945091994,-17.989998208112908,-13.95219740928502,160779,159942,True,True,True
モーターx今節|tt_z|w3,-26.634199987663777,-17.7695932466551,-13.944830829306506,95109,95039,True,True,True
選手|tt_z|w3,-30.705993110108174,-18.562085575021122,-13.937325248352009,146398,145368,True,True,True
モーター|st|w10,-27.01425984984237,-16.718928494808196,-13.935383570842387,183557,182028,True,True,True
ボート|tt_rank|lag1,-26.42807420774424,-17.34365867424995,-13.884148405951882,170671,169301,True,True,True
ボート|st_rel|lag2,-24.549829727028868,-15.554651535179545,-13.87441143478017,181198,179721,True,True,True
モーター|top2|lag3,26.649894721654242,16.78614547632321,13.859637251600029,169493,168120,True,True,True
選手xコース|st_rel|lag3,-33.36692184853049,-15.699889092309082,-13.837818562723864,178184,176693,True,True,True
選手|tt_rank|lag2,-30.197792041912308,-17.922482872938303,-13.80396799725943,169218,167924,True,True,True
選手x今節|st|lag2,-26.506088911029515,-15.752478871599743,-13.790747588141224,126325,126324,True,True,True
選手|tt_rank|lag1,-28.12634960569011,-17.69453007072858,-13.756638830008555,170187,168889,True,True,True
選手x今節|tt_rank|w3,-29.47103179352453,-17.815471978121277,-13.74707871335307,92588,92588,True,True,True
選手x場|tt_z|w3,-30.243929342699804,-18.336879401398377,-13.702484305870808,123955,123389,True,True,True
選手x場|top2|w50,33.86784718960814,23.287800195223365,13.698037515322428,150851,150020,True,True,True
モーターx今節|top3|lag1,22.10453665755835,17.25675451837157,13.693933623685274,144378,144305,True,True,True
モーターx今節|top2|lag2,24.641788152232774,16.73362064356276,13.673523165396245,121829,121758,True,True,True
モーターx今節|top3|w3,25.00509374585374,17.29266893784099,13.648708280159706,95109,95039,True,True,True
モーター|top3|lag3,28.52218904508683,16.88731837819549,13.645516863851718,169493,168120,True,True,True
ボート|top2|w3,21.762410006206192,16.79421101188698,13.63248486465744,147729,146587,True,True,True
モーターx今節|fin|lag1,-22.292564138445726,-17.163615479258432,-13.626136610554996,144378,144305,True,True,True
モーターx今節|tt_rank|w3,-26.67468528325728,-17.4003890710179,-13.615222847318842,95109,95039,True,True,True
選手x場|top2|wall,33.85310968682304,23.334115112485907,13.594757047387263,150851,150020,True,True,True
選手xコース|top2|lag1,35.21372391413176,16.389051041618497,13.559741994635996,168462,167094,True,True,True
選手xコース|fin|lag1,-35.25777868460269,-17.079454448545047,-13.548362181300696,168459,167092,True,True,True
選手xコース|top2|w50,35.57194723289785,17.360576145212896,13.529665266556359,180509,179003,True,True,True
選手x今節|st|lag1,-25.981963080672525,-15.657777959729374,-13.513119320675367,151777,151766,True,True,True
選手x場|top3|w20,34.06213118424017,22.779988491419243,13.460617472942024,150851,150020,True,True,True
モーターx今節|top3|lag3,28.554090884250577,16.603160709113023,13.455329101469133,105722,105652,True,True,True
選手xコース|top2|wall,35.57517333113183,16.946880712360883,13.43867590134048,180509,179003,True,True,True
ボート|fin|w3,-23.91549094677007,-16.81957384488635,-13.396246534178152,147728,146587,True,True,True
選手x場|tt_z|w5,-31.489643706261614,-18.561845015565037,-13.369420606778794,150745,149918,True,True,True
選手|tt_z|w5,-31.910349227859395,-18.60928233709001,-13.364120272065863,183001,181475,True,True,True
選手x今節|st|lag3,-25.756588360900025,-15.218582937252009,-13.346054441397662,108709,108709,True,True,True
選手|tt_rank|w3,-30.524920668158074,-17.94082004110869,-13.314511135401112,146398,145368,True,True,True
ボート|top3|lag1,21.531349406281016,16.59847948852661,13.3072880360622,170671,169301,True,True,True
選手x場|tt_rank|w5,-31.43972372558311,-18.489391496600394,-13.274213105683478,150745,149918,True,True,True
ボート|fin|lag1,-21.76032759195114,-16.60664525344482,-13.237341164376002,170670,169301,True,True,True
ボート|fin|w5,-25.141124626509935,-16.63045718551622,-13.222789605140848,183327,181824,True,True,True
モーターx今節|st|w3,-25.831225144617246,-15.407233081068854,-13.175944148622902,110779,110708,True,True,True
選手x場|tt_rank|w3,-30.116307030166155,-17.797180422051976,-13.17258460842469,123955,123389,True,True,True
ボート|st_rel|lag1,-21.09589649289487,-14.779401910877139,-13.161267054547096,181640,180163,True,True,True
ボート|top2|lag3,25.63521853043773,15.631046747961545,13.137992587922271,169539,168192,True,True,True
ボート|fin|lag3,-27.85025735287568,-15.973223317526704,-13.05775900198422,169539,168192,True,True,True
選手xコース|win|w5,35.47275787224395,16.072181626178285,13.051573870351733,180477,178972,True,True,True
選手xコース|natwin|wall,35.128795739756065,24.385273183170565,13.042323705158005,180606,179100,True,True,True
選手xコース|top2|w5,35.51974422908107,16.71269997773152,13.014286677550333,180477,178972,True,True,True
選手xコース|win|w20,35.53962205339541,16.536420052738098,12.989395265675414,180509,179003,True,True,True
ボート|st_rel|w10,-24.583853037574485,-14.947808393059798,-12.985600846298283,183480,181977,True,True,True
モーター|top2|lag1,17.495008753196995,15.903601695571696,12.86261108531932,170567,169292,True,True,True
選手|top3|w20,34.89429789607671,22.257929599761148,12.827327831601734,183162,181634,True,True,True
ボート|tt_z|w10,-24.568736901923874,-16.092012921374867,-12.729850552892067,183478,181975,True,True,True
選手x場|st|lag3,-26.6726901326436,-15.036577570963978,-12.722558695270257,150171,149339,True,True,True
選手xコース|top3|wall,35.575005886657145,17.34218876206827,12.718834064098848,180509,179003,True,True,True
選手x今節|tt_z|lag3,-28.778919240825545,-16.337908139755594,-12.71298267606233,103455,103455,True,True,True
選手|tt_rank|w5,-31.79615296987955,-18.028228295570226,-12.691783094097715,183001,181475,True,True,True
ボート|top2|lag2,24.31526966184488,15.879701589293822,12.683675551659489,169632,168273,True,True,True
選手|stf|w50,-24.19002258684464,-12.18704663943694,-12.630757357345805,183178,181650,True,True,True
ボート|top3|w10,26.159033766345626,16.0787688005451,12.62237050426177,183478,181975,True,True,True
モーターx今節|tt_z|lag3,-27.396174782876063,-16.10478597894839,-12.611552081087265,105722,105652,True,True,True
選手x場|fin|wall,-34.035010657888535,-23.208052952278134,-12.593545618455094,150851,150020,True,True,True
選手xコース|win|w3,35.34001717749316,15.451447245461717,12.592785360462765,141505,140369,True,True,True
選手x場|fin|w50,-34.053994023760026,-23.10755324601363,-12.580432128911765,150851,150020,True,True,True
モーターx今節|top2|w5,23.61254832186385,15.70700073348211,12.479348701844637,108556,108485,True,True,True
選手|natwin|wall,35.096616957041114,24.106914565464535,12.473160886526122,183178,181650,True,True,True
モーターx今節|st_rel|lag3,-24.73379838447065,-14.09217914137687,-12.408731793777104,110988,110917,True,True,True
ボート|top2|w10,23.762654002476147,15.469030526775322,12.364655551970584,183478,181975,True,True,True
選手xコース|top2|w3,35.40075330935196,15.819312234359753,12.355899994565798,141505,140369,True,True,True
選手|st_rel|lag5,-28.160495628297358,-14.594854035168032,-12.305958268807277,180463,178938,True,True,True
選手|st|lag5,-28.47050009608203,-14.81898348025016,-12.283426871342787,180463,178938,True,True,True
ボート|tt_rank|w10,-24.741472679369405,-15.653846181206628,-12.217990896345643,183478,181975,True,True,True
ボート|st|w10,-25.53810763200363,-14.58920501899111,-12.189595653292399,183480,181977,True,True,True
選手xコース|win|w10,35.50793741397342,15.369039521336378,12.159759457327613,180509,179003,True,True,True
選手xコース|st|lag2,-31.979147688702298,-14.54197557522041,-12.108014097295268,179247,177744,True,True,True
選手xコース|top2|w10,35.54669892705504,15.959097291134869,12.053460893210405,180509,179003,True,True,True
ボート|top3|lag3,27.14104689193821,14.866138266217742,12.050739871440966,169539,168192,True,True,True
モーターx今節|fin|w5,-24.50032032528141,-15.36497570855151,-12.020995628377838,108556,108485,True,True,True
モーター|st|lag1,-23.738493615546297,-14.103597848478243,-12.018197177252867,181667,180230,True,True,True
選手x今節|tt_rank|lag3,-28.644043915899495,-15.721969891040674,-12.004539064115363,103455,103455,True,True,True
選手x場|top3|wall,33.945367070263195,22.519152774015,11.988934118095289,150851,150020,True,True,True
モーター|fin|lag5,-28.940500819808268,-15.032783191781165,-11.98815141789339,169384,167959,True,True,True
モーターx今節|tt_rank|lag3,-27.311284197588193,-15.545619551547475,-11.983846961908945,105722,105652,True,True,True
選手x場|top3|w50,33.968765435874545,22.435075542934463,11.97425336338567,150851,150020,True,True,True
モーター|st|lag2,-24.160667662752992,-13.952942384765512,-11.971586521742026,181269,179817,True,True,True
選手|stf|w20,-22.65567555212613,-11.641823777724909,-11.938734463177115,183178,181650,True,True,True
モーター|st_rel|lag3,-23.766992271729713,-13.589897228836897,-11.937111616209213,181218,179707,True,True,True
モーターx今節|top2|lag1,16.518929290706165,14.977714170298077,11.932780279415404,144378,144305,True,True,True
選手xコース|fin|w5,-35.52905327815077,-16.499848140873542,-11.865616850063192,180477,178972,True,True,True
選手xコース|fin|wall,-35.57862911121565,-16.18446157962097,-11.852815099541482,180509,179003,True,True,True
選手xコース|top2|w20,35.5694240775613,15.790635578109887,11.799736499357229,180509,179003,True,True,True
モーターx今節|st|lag1,-23.165617790968756,-13.820894784852001,-11.722072250892047,152689,152607,True,True,True
モーター|win|lag2,21.065003559416315,14.547071032894914,11.708275439620941,169649,168376,True,True,True
選手xコース|top3|w50,35.563052360679976,16.811556947558913,11.68182379944932,180509,179003,True,True,True
ボート|top2|lag1,16.05859222927925,14.568619777192906,11.66968570339933,170671,169301,True,True,True
モーターx今節|top3|wall,27.158372123793338,15.040509044527987,11.667311274898,108557,108486,True,True,True
モーター|st_rel|w20,-23.12004786168185,-14.365559388127329,-11.653491391641309,183557,182028,True,True,True
選手|bad|w50,-25.515777849698654,-11.343038525198612,-11.534966740161455,183178,181650,True,True,True
選手xコース|st|lag3,-32.16035006006417,-14.325739216069914,-11.51688909063906,178184,176693,True,True,True
モーターx今節|st|lag3,-24.600270336762033,-13.29368305185425,-11.458711719585127,110988,110917,True,True,True
モーターx今節|fin|w3,-22.797116363910305,-14.888671428836377,-11.451747483117853,95109,95039,True,True,True
選手xコース|fin|w50,-35.56817019944231,-16.023050720275236,-11.347331719950509,180509,179003,True,True,True
モーターx今節|top2|w3,20.501758923598324,14.61648764651535,11.336927327878279,95109,95039,True,True,True
選手xコース|st_rel|lag2,-33.1567665440166,-13.164479476260084,-11.267474226155953,179247,177744,True,True,True
選手|bad|w20,-23.495958352458178,-11.26665964603598,-11.237546286283715,183178,181650,True,True,True
ボート|tt_z|lag3,-25.49716009198161,-14.175257349205747,-11.181163487868531,169539,168192,True,True,True
モーターx今節|st|lag2,-24.129129458305087,-13.086619409516983,-11.114654976432126,128052,127979,True,True,True
モーター|fin|w50,-21.14035782485666,-15.867648529372776,-11.069326508869587,183555,182026,True,True,True
モーター|top2|lag5,27.430188709259244,13.70148927515199,11.067874994574732,169384,167959,True,True,True
ボート|st|lag1,-22.4665518621941,-13.002676498055102,-11.043983805299067,181640,180163,True,True,True
選手xコース|fin|w3,-35.40826071664655,-15.249140176140761,-11.02592733502692,141499,140363,True,True,True
選手xコース|natwin|w50,35.13289616591958,24.02676053811733,10.995346530870947,180606,179100,True,True,True
モーター|top2|w50,22.061946165472694,16.55576724902964,10.974285815032847,183555,182026,True,True,True
ボート|st_rel|lag3,-23.009733101482333,-12.411844902178581,-10.912887638901887,181152,179683,True,True,True
ボート|fin|w10,-23.994927609348082,-14.096623024048588,-10.869849463509484,183478,181975,True,True,True
選手xコース|st|lag5,-32.10574343899837,-13.46063105486474,-10.857057923834871,176115,174648,True,True,True
ボート|st|lag2,-23.3023076451342,-12.627884754678057,-10.843289729492334,181198,179721,True,True,True
ボート|tt_z|w20,-21.72170920719181,-13.408573371939164,-10.784621297425618,183478,181975,True,True,True
モーターx今節|fin|wall,-25.035029367813856,-13.695215494804865,-10.648653165690058,108557,108486,True,True,True
選手|tt_rank|wall,-32.344401457970086,2.334521309388837,10.646654351915931,183162,181634,True,False,True
モーター|win|w5,20.111926449026434,13.834557507576703,10.643444770232094,183369,181845,True,True,True
モーター|st|lag3,-23.06481996483455,-12.351319420236043,-10.637216049232352,181218,179707,True,True,True
ボート|tt_rank|w20,-21.830705098832468,-13.25768056829118,-10.612447210216148,183478,181975,True,True,True
ボート|tt_rank|lag3,-25.219256267673295,-13.590691256107624,-10.572583833895877,169539,168192,True,True,True
選手xコース|top3|lag1,35.13494515575741,14.283886291957637,10.543483250986137,168462,167094,True,True,True
選手x場|tt_z|lag3,-29.022540913895025,-14.688961006515637,-10.541115428923817,141238,140469,True,True,True
モーター|win|w10,21.83978418075637,13.791298140701821,10.496875312779876,183555,182026,True,True,True
モーター|top3|lag5,28.20860941192228,13.411060495366282,10.459771591396496,169384,167959,True,True,True
選手|top2|lag5,31.923063624227446,14.249335056516413,10.44642305209771,168638,167227,True,True,True
選手|tt_z|wall,-32.35277582644839,2.0826854634134198,10.408995396308734,183162,181634,True,False,True
選手|fin|lag5,-32.8594751039022,-15.073254681451738,-10.402203091455885,168635,167224,True,True,True
選手xコース|top3|w5,35.50110839826966,15.59359774771108,10.386396117253103,180477,178972,True,True,True
モーター|win|lag3,22.328596038795236,13.019480558633711,10.353909769291855,169493,168120,True,True,True
選手xコース|st_rel|lag5,-33.17644161347881,-12.305375351315206,-10.324879702904825,176115,174648,True,True,True
選手|tt_z|lag3,-29.321675153297107,-14.384089059651927,-10.287033929418048,169024,167652,True,True,True
選手xコース|fin|w10,-35.55703890584233,-15.014053557240723,-10.261462419130103,180509,179003,True,True,True
モーターx今節|win|lag2,19.627493912808884,12.819294646857223,10.220401368194155,121829,121758,True,True,True
選手x今節|fin|lag5,-29.67840598698772,-13.140693995869489,-10.218261976427785,59598,59598,True,True,True
選手|bad|w10,-22.13117169308202,-10.055146192401672,-10.111321343457341,183178,181650,True,True,True
選手x今節|top2|lag5,28.247211241971414,12.44966646915505,10.085554453717277,59599,59599,True,True,True
選手x場|st|lag5,-25.806106380714272,-12.3741816224174,-9.948153224065477,128877,128056,True,True,True
ボート|win|lag2,19.395180601326977,12.600608099123876,9.885416519918799,169632,168273,True,True,True
選手xコース|win|lag5,35.159177480113115,12.644962911584141,9.86152038538668,164394,163019,True,True,True
モーター|win|lag1,12.669396675125189,12.506070449008915,9.835220821802636,170567,169292,True,True,True
モーター|win|w20,21.744663846112452,13.35443606887512,9.82682261746849,183555,182026,True,True,True
ボート|tt_z|w50,-17.195080902029652,-11.959674217308207,-9.800911956880054,183478,181975,True,True,True
選手xコース|top3|w20,35.5634605474705,15.325488435511266,9.800018317303616,180509,179003,True,True,True
選手x場|tt_rank|lag3,-28.771094309127882,-13.978743048617309,-9.754789175646422,141238,140469,True,True,True
モーター|st|w20,-23.386317874625043,-13.005442078408944,-9.708444196292021,183557,182028,True,True,True
ボート|win|lag3,21.24313165938171,11.997985618558612,9.689500830797158,169539,168192,True,True,True
モーターx今節|win|lag3,22.439235840687445,12.257795432710086,9.67944270629625,105722,105652,True,True,True
選手x場|top2|lag5,30.28576626816118,13.545922778289837,9.666497826125342,121162,120395,True,True,True
選手xコース|fin|w20,-35.569643076017414,-14.509235497305154,-9.638959395005188,180509,179003,True,True,True
選手xコース|top3|w3,35.38045819436926,14.212945232106435,9.625114097995713,141505,140369,True,True,True
選手|tt_rank|lag3,-29.149866547141926,-13.802063310040486,-9.617904172586188,169024,167652,True,True,True
選手xコース|tt_rank|w20,-35.18608629425373,4.315546078454423,9.587781423853986,180509,179003,True,True,True
選手xコース|tt_z|w20,-35.15707022436388,4.2978885895986725,9.54073695979281,180509,179003,True,True,True
選手xコース|win|lag2,35.17539507396823,12.305514017136007,9.535306394714398,167341,165937,True,True,True
選手|top2|w50,35.02248787482281,21.425785328849685,9.515396406854538,183162,181634,True,True,True
選手xコース|win|lag3,35.159151840501444,12.470203500968935,9.510563143339432,166407,165031,True,True,True
ボート|st|lag3,-22.179135991122955,-11.028300958292373,-9.487938890946372,181152,179683,True,True,True
選手xコース|top3|w10,35.54331942157831,14.991996265284719,9.4786443706306,180509,179003,True,True,True
選手x今節|tt_rank|lag5,-25.704784389217398,-12.361413665935563,-9.441331061452972,59599,59599,True,True,True
選手x今節|tt_z|lag5,-25.867972784545575,-12.3279997492361,-9.405316423424305,59599,59599,True,True,True
選手x場|fin|lag5,-31.280342239015134,-14.00928439723698,-9.342275093308245,121161,120394,True,True,True
モーター|tt_rank|wall,-13.430542439375305,-11.464320151507973,-9.299623374134587,183555,182026,True,True,True
ボート|tt_rank|w50,-17.129111846855757,-11.424462760501507,-9.282005161149181,183478,181975,True,True,True
選手x場|in_gain|w5,30.88801084554133,12.091939973111522,9.222482134780934,151396,150561,True,True,True
モーターx今節|win|lag1,11.797582271462714,11.758761793429352,9.187925055050519,144378,144305,True,True,True
選手xコース|stf|休み日数,-30.07047973194671,-13.172784306718505,-9.123043658897979,182676,181152,True,True,True
選手xコース|bad|休み日数,-30.07047973194671,-13.172784306718505,-9.123043658897979,182676,181152,True,True,True
選手xコース|maegumi|休み日数,-30.07047973194671,-13.172784306718505,-9.123043658897979,182676,181152,True,True,True
選手xコース|natwin|休み日数,-30.07047973194671,-13.172784306718505,-9.123043658897979,182676,181152,True,True,True
選手xコース|tt_z|休み日数,-30.07047973194671,-13.172784306718505,-9.123043658897979,182676,181152,True,True,True
選手xコース|in_gain|休み日数,-30.07047973194671,-13.172784306718505,-9.123043658897979,182676,181152,True,True,True
選手xコース|top3|休み日数,-30.07047973194671,-13.172784306718505,-9.123043658897979,182676,181152,True,True,True
選手xコース|tt_rank|休み日数,-30.07047973194671,-13.172784306718505,-9.123043658897979,182676,181152,True,True,True
選手xコース|top2|休み日数,-30.07047973194671,-13.172784306718505,-9.123043658897979,182676,181152,True,True,True
選手xコース|win|休み日数,-30.07047973194671,-13.172784306718505,-9.123043658897979,182676,181152,True,True,True
選手xコース|wind|休み日数,-30.07047973194671,-13.172784306718505,-9.123043658897979,182676,181152,True,True,True
選手xコース|st|休み日数,-30.07047973194671,-13.172784306718505,-9.123043658897979,182676,181152,True,True,True
選手xコース|fin|休み日数,-30.07047973194671,-13.172784306718505,-9.123043658897979,182676,181152,True,True,True
選手xコース|course|休み日数,-30.07047973194671,-13.172784306718505,-9.123043658897979,182676,181152,True,True,True
選手xコース|st_rel|休み日数,-30.07047973194671,-13.172784306718505,-9.123043658897979,182676,181152,True,True,True
選手|tt_rank|w50,-31.752749045717476,1.852087452438259,9.11974093976457,183162,181634,True,False,True
モーター|tt_z|wall,-12.01596324517303,-11.253294768179689,-9.104777134166582,183555,182026,True,True,True
選手|bad|w5,-21.92231827360392,-8.980630366156959,-9.091586710329661,183178,181650,True,True,True
選手|stf|wall,-7.9155899161604335,9.496818573420308,9.054027014373727,183178,181650,True,True,True
選手|stf|w10,-22.798516493278946,-8.694739823365982,-9.03827796253583,183178,181650,True,True,True
ボート|st_rel|w20,-19.983703421997298,-10.80639519797841,-8.978510793190502,183480,181977,True,True,True
選手x今節|st_rel|lag5,-23.258929310837747,-10.495141992916896,-8.96439181464764,62193,62193,True,True,True
選手x場|in_gain|w3,30.31549611502939,11.447820397839596,8.962424735885511,148188,147425,True,True,True
選手x今節|in_gain|w10,30.53215919479461,11.723490170273234,8.959700859301487,108774,108774,True,True,True
選手x今節|in_gain|w50,30.527636339212542,11.698998548235197,8.931730404891608,108774,108774,True,True,True
選手x今節|in_gain|w20,30.527636339212542,11.698998548235197,8.931730404891608,108774,108774,True,True,True
選手x今節|in_gain|wall,30.527636339212542,11.698998548235197,8.931730404891608,108774,108774,True,True,True
モーターx今節|top2|wall,22.58278295692244,11.662814170942667,8.925262490186254,108557,108486,True,True,True
モーターx今節|fin|lag5,-28.89211230131607,-11.635157195713633,-8.912743597710731,63147,63079,True,True,True
選手x今節|in_gain|w5,30.25165805183942,11.545347917347442,8.887363920426658,108774,108774,True,True,True
ボート|st|w20,-20.646724384271092,-10.857861089263354,-8.868479579735295,183480,181977,True,True,True
選手|tt_z|w50,-31.80734160330737,1.5651907990462453,8.864013599415035,183162,181634,True,False,True
モーター|win|w3,16.53378021515458,11.783734936804457,8.841462359586286,147357,146344,True,True,True
選手xコース|tt_rank|w50,-35.24115952801436,2.794359555841304,8.773631109581002,180509,179003,True,False,True
ボート|win|w5,17.91215585594608,11.59235238064018,8.75580425530129,183327,181824,True,True,True
モーターx今節|st_rel|lag5,-21.95629583690801,-10.168846797753483,-8.749325639153128,65890,65819,True,True,True
モーター|st_rel|lag5,-21.085133443640167,-10.19478538988149,-8.671100021533773,181134,179609,True,True,True
モーターx今節|top2|lag5,27.039813765175868,10.773922514257114,8.61251473707035,63147,63079,True,True,True
選手xコース|tt_rank|wall,-35.24885940989715,2.5883406091607664,8.580455806155557,180509,179003,True,False,True
選手|fin|wall,-35.09073648133885,-22.335451306393782,-8.56856709878798,183162,181634,True,True,True
選手|top3|lag5,32.266790677340886,13.13046585410123,8.560707821566748,168638,167227,True,True,True
モーター|win|lag5,23.137921390319892,10.793651044086433,8.51548332060875,169384,167959,True,True,True
選手xコース|top2|lag2,35.265485190980655,11.704479256213611,8.513316845331243,167341,165937,True,True,True
選手xコース|tt_z|wall,-35.248650044446045,2.5783478363470995,8.508349668332624,180509,179003,True,False,True
選手x場|natwin|wall,34.56348609912897,20.831588034837235,8.48537166181948,151474,150638,True,True,True
選手x今節|st|lag5,-22.667874189317192,-10.077797529363549,-8.458251885883467,62193,62193,True,True,True
選手x場|natwin|w50,34.53547552311688,21.01869835403062,8.455569700479392,151474,150638,True,True,True
モーターx今節|win|w10,20.89675894249681,11.067381435781574,8.451587271068151,108557,108486,True,True,True
選手x場|st_rel|lag5,-25.59247455480099,-10.781959837828838,-8.42016503790859,128877,128056,True,True,True
選手|bad|w3,-20.683031516113267,-8.266522194417353,-8.414977740938985,183178,181650,True,True,True
モーターx今節|tt_z|lag5,-24.57638403001322,-11.086007592471313,-8.412306094241883,63147,63079,True,True,True
モーターx今節|win|w20,22.660045541187763,10.96372759130743,8.390188711187191,108557,108486,True,True,True
選手|win|lag5,30.054274046749722,11.761073060242492,8.366523014238895,168638,167227,True,True,True
選手x今節|in_gain|w3,29.53922596722472,10.712835490569656,8.312823265957523,108494,108494,True,True,True
モーターx今節|tt_rank|lag5,-24.383731982566665,-10.981161635367796,-8.312323543149912,63147,63079,True,True,True
選手xコース|tt_z|w50,-35.243997889792716,2.318886625355375,8.299865490394682,180509,179003,True,False,True
ボート|top3|w20,22.392136854048537,11.671503396708466,8.289627454426098,183478,181975,True,True,True
ボート|win|lag1,10.610716406576765,10.712254789465826,8.276167864335175,170671,169301,True,True,True
選手x今節|win|lag5,25.606783409186207,10.293368664233954,8.207376581087594,59599,59599,True,True,True
選手|in_gain|w5,31.589272511976876,11.302560111005372,8.184357907945497,183174,181646,True,True,True
選手|stf|w5,-24.49896126653155,-7.641773600954809,-8.183369989594421,183174,181646,True,True,True
モーターx今節|st|lag5,-21.666900942569562,-9.66813322508408,-8.178419328432101,65890,65819,True,True,True
ボート|st|lag5,-18.94853278232827,-9.44791793166714,-8.12163827932714,181008,179542,True,True,True
モーターx今節|in_gain|wall,30.494927168288175,10.792732190653009,8.111309889399783,111073,111002,True,True,True
選手xコース|fin|lag2,-35.3221316312204,-12.010668471263408,-8.078543742734984,167339,165935,True,True,True
選手x今節|bad|lag1,-16.635181509109113,-8.215220961762816,-8.063241531343898,151930,151919,True,True,True
選手x場|win|lag5,28.124714191964568,11.351073946243414,8.002281696775876,121162,120395,True,True,True
選手|maegumi|wall,-30.07363295374645,3.7288862493089785,8.001936258813943,183178,181650,True,False,True
選手|in_gain|w3,30.80537853095059,10.694223596666477,7.952559306521711,177079,175683,True,True,True
選手xコース|tt_rank|w10,-35.1098305470694,2.8992489523207725,7.944152304671681,180509,179003,True,False,True
場xコース|win|lag2,34.56102558361347,8.297506956917932,7.942485794525263,171182,169735,True,True,True
モーターx今節|in_gain|w20,30.42393818286307,10.59931202450576,7.9338498899238585,111073,111002,True,True,True
モーターx今節|in_gain|w10,30.209686735066406,10.570979718871632,7.901430737216638,111073,111002,True,True,True
選手x今節|bad|w5,-22.49605652606078,-7.704109750926232,-7.897463181502615,108826,108826,True,True,True
選手x今節|bad|w10,-22.078396197378936,-7.575533412607568,-7.89697490491827,108826,108826,True,True,True
モーターx今節|in_gain|w5,29.636558087622,10.448947852068628,7.8914459054067265,111073,111002,True,True,True
選手x今節|top3|lag5,28.619721730731296,10.613748123324433,7.882523092515821,59599,59599,True,True,True
選手x今節|bad|wall,-22.04239428937321,-7.53500060644142,-7.861497020722424,108826,108826,True,True,True
選手x今節|bad|w50,-22.04239428937321,-7.53500060644142,-7.861497020722424,108826,108826,True,True,True
選手x今節|bad|w20,-22.04239428937321,-7.53500060644142,-7.861497020722424,108826,108826,True,True,True
ボート|st_rel|lag5,-19.455444901732132,-9.24461490361027,-7.855997368041795,181008,179542,True,True,True
選手|top3|wall,35.0765741463412,21.963130578923778,7.809375593549137,183162,181634,True,True,True
選手x場|tt_z|w10,-31.489402363839115,-14.267619225977171,-7.8068329407982775,150851,150020,True,True,True
モーターx今節|in_gain|w50,30.368657513889204,10.424764299545219,7.783970615068399,111073,111002,True,True,True
モーター|st|lag5,-20.210605493630922,-9.370057710897857,-7.780776289084876,181134,179609,True,True,True
ボート|win|w10,18.676970094380536,10.343807031253643,7.726069056793212,183478,181975,True,True,True
選手x場|top3|lag5,30.51047313408113,12.053626531198258,7.698785304777729,121162,120395,True,True,True
モーター|st_rel|w50,-18.835353098835775,-11.131819119050782,-7.696625047466739,183557,182028,True,True,True
ボート|top2|w20,20.13626137901687,10.963647326653977,7.694892942144588,183478,181975,True,True,True
モーターx今節|bad|w5,-20.483345082165,-7.381897781610324,-7.603129368096064,111125,111054,True,True,True
選手xコース|stf|wall,32.16028412683686,8.601201456935131,7.580351031607611,180599,179093,True,True,True
モーターx今節|win|w50,21.70275257064917,10.052784692879161,7.57957540226955,108557,108486,True,True,True
選手xコース|tt_z|w10,-35.10263218492953,2.4222356077461478,7.568363900952097,180509,179003,True,False,True
ボート|fin|lag5,-26.883733188607614,-10.241797238877332,-7.5611212970045,169316,167960,True,True,True
モーターx今節|bad|lag1,-15.123663461611212,-7.65891053775812,-7.52257535172525,152846,152764,True,True,True
モーターx今節|bad|w10,-20.15204822714001,-7.190068442242742,-7.511977064376683,111125,111054,True,True,True
モーターx今節|bad|w50,-18.893277753355786,-7.165273844108925,-7.504971294507352,111125,111054,True,True,True
モーター|natwin|w50,23.449298599263734,0.04433788813761562,-7.46801348744051,183557,182028,True,False,True
場xコース|fin|lag2,-34.881137318471524,-7.8315175246835915,-7.461507817531537,171179,169732,True,True,True
ボート|top2|lag5,24.598976194245445,9.683230927029763,7.446490697203452,169316,167960,True,True,True
モーターx今節|bad|w20,-20.092206174549034,-7.0779968048298505,-7.394509759958304,111125,111054,True,True,True
選手x場|stf|wall,5.153969392226248,8.266675871077863,7.379197564840883,151398,150563,True,True,True
選手x場|tt_rank|w10,-31.46215301365872,-13.864976636009255,-7.346693603008761,150851,150020,True,True,True
選手xコース|top2|lag5,35.23390378815549,10.463274661736168,7.327827931762485,164394,163019,True,True,True
モーターx今節|in_gain|w3,29.397893642098357,9.581054798344,7.310435919747229,110779,110708,True,True,True
ボート|win|w3,14.671018483017878,9.95317189721276,7.251237033018781,147729,146587,True,True,True
選手|in_gain|w10,32.220663157562484,10.735701020545585,7.221117118062292,183178,181650,True,True,True
場xコース|top2|lag2,34.81122230945832,7.348515616222516,7.104379217490266,171182,169735,True,True,True
選手x場|in_gain|w10,31.17890541537612,10.662168833534574,7.103756182770633,151398,150563,True,True,True
モーター|st|w50,-20.107947266776097,-11.065947802555034,-7.039129109042849,183557,182028,True,True,True
モーターx今節|top3|lag5,28.204464913111526,9.560075332027525,7.02460385382856,63147,63079,True,True,True
選手xコース|maegumi|lag2,-32.98512729385857,6.993864561544827,7.023967794178398,179247,177744,True,True,True
モーター|natwin|wall,3.7627980410971467,-3.3906376106747986,-7.001618912961462,183557,182028,False,False,True
選手x今節|stf|w5,-26.845929826832695,-6.073133560040547,-6.983407834250961,108774,108774,True,True,True
モーターx今節|win|lag5,21.55462314726847,8.852112515530814,6.972918489017668,63147,63079,True,True,True
モーター|bad|w10,-15.91945648964917,-7.1917800783041335,-6.939759388862619,183557,182028,True,True,True
モーターx今節|win|w5,17.586258919498505,9.646908899990462,6.916262781718614,108556,108485,True,True,True
選手x今節|bad|w3,-20.965081383014695,-6.803563563017331,-6.870785640543572,108826,108826,True,True,True
選手|maegumi|w50,-22.6693805868594,4.169661304138321,6.848167090615499,183178,181650,True,True,True
選手x今節|stf|w50,-27.028299830190733,-5.914945934417498,-6.833667599978401,108774,108774,True,True,True
選手x今節|stf|wall,-27.028299830190733,-5.914945934417498,-6.833667599978401,108774,108774,True,True,True
選手x今節|stf|w20,-27.028299830190733,-5.914945934417498,-6.833667599978401,108774,108774,True,True,True
選手x今節|stf|w10,-27.028299830190733,-5.914945934417498,-6.833667599978401,108774,108774,True,True,True
モーター|in_gain|w5,29.09788863426148,9.272371987207178,6.755924444061449,183552,182023,True,True,True
選手x場|natwin|w20,34.5589585540867,20.21145740446513,6.747122342630966,151474,150638,True,True,True
モーター|in_gain|w3,29.607885744046584,9.126639130720825,6.745473193018372,177620,176249,True,True,True
ボート|tt_z|lag5,-21.98768652890507,-9.142807741211678,-6.728313656823122,169316,167960,True,True,True
場xコース|win|lag1,34.5173540774808,7.5371985155018715,6.726816870712227,171120,169672,True,True,True
選手xコース|top2|lag3,35.19629835450795,9.961042352352797,6.701693290839105,166407,165031,True,True,True
モーター|win|w50,18.2590868320322,10.934126550101078,6.701531110537182,183555,182026,True,True,True
場xコース|top3|lag2,34.71633632299157,6.988469560784475,6.6847073495439,171182,169735,True,True,True
選手xコース|fin|lag5,-35.28365879934696,-10.739423915577405,-6.669347540935934,164392,163017,True,True,True
モーターx今節|stf|w5,-25.772496058034637,-5.7131398686748875,-6.614608889274299,111073,111002,True,True,True
選手|bad|lag1,-13.502460652336966,-6.5263027042471,-6.589484070703906,183538,182010,True,True,True
選手xコース|in_gain|lag1,-1.205388778567872,8.205263571625737,6.522138532401996,180291,178793,False,True,True
ボート|top3|lag5,25.683455268299074,8.965066787215504,6.520843777758237,169316,167960,True,True,True
選手x今節|wind|休み日数,30.909383483229306,10.936159663025927,6.490318957680272,151930,151919,True,True,True
選手x今節|in_gain|休み日数,30.909383483229306,10.936159663025927,6.490318957680272,151930,151919,True,True,True
選手x今節|top3|休み日数,30.909383483229306,10.936159663025927,6.490318957680272,151930,151919,True,True,True
選手x今節|fin|休み日数,30.909383483229306,10.936159663025927,6.490318957680272,151930,151919,True,True,True
選手x今節|natwin|休み日数,30.909383483229306,10.936159663025927,6.490318957680272,151930,151919,True,True,True
選手x今節|tt_z|休み日数,30.909383483229306,10.936159663025927,6.490318957680272,151930,151919,True,True,True
選手x今節|st_rel|休み日数,30.909383483229306,10.936159663025927,6.490318957680272,151930,151919,True,True,True
選手x今節|top2|休み日数,30.909383483229306,10.936159663025927,6.490318957680272,151930,151919,True,True,True
選手x今節|bad|休み日数,30.909383483229306,10.936159663025927,6.490318957680272,151930,151919,True,True,True
選手x今節|maegumi|休み日数,30.909383483229306,10.936159663025927,6.490318957680272,151930,151919,True,True,True
選手x今節|tt_rank|休み日数,30.909383483229306,10.936159663025927,6.490318957680272,151930,151919,True,True,True
選手x今節|course|休み日数,30.909383483229306,10.936159663025927,6.490318957680272,151930,151919,True,True,True
選手x今節|stf|休み日数,30.909383483229306,10.936159663025927,6.490318957680272,151930,151919,True,True,True
選手x今節|st|休み日数,30.909383483229306,10.936159663025927,6.490318957680272,151930,151919,True,True,True
選手x今節|win|休み日数,30.909383483229306,10.936159663025927,6.490318957680272,151930,151919,True,True,True
ボート|natwin|休み日数,30.383429179947832,10.350113894133504,6.469454992388039,183619,182105,True,True,True
ボート|tt_rank|休み日数,30.383429179947832,10.350113894133504,6.469454992388039,183619,182105,True,True,True
ボート|win|休み日数,30.383429179947832,10.350113894133504,6.469454992388039,183619,182105,True,True,True
ボート|top2|休み日数,30.383429179947832,10.350113894133504,6.469454992388039,183619,182105,True,True,True
ボート|wind|休み日数,30.383429179947832,10.350113894133504,6.469454992388039,183619,182105,True,True,True
ボート|st|休み日数,30.383429179947832,10.350113894133504,6.469454992388039,183619,182105,True,True,True
ボート|in_gain|休み日数,30.383429179947832,10.350113894133504,6.469454992388039,183619,182105,True,True,True
ボート|tt_z|休み日数,30.383429179947832,10.350113894133504,6.469454992388039,183619,182105,True,True,True
ボート|course|休み日数,30.383429179947832,10.350113894133504,6.469454992388039,183619,182105,True,True,True
ボート|top3|休み日数,30.383429179947832,10.350113894133504,6.469454992388039,183619,182105,True,True,True
ボート|st_rel|休み日数,30.383429179947832,10.350113894133504,6.469454992388039,183619,182105,True,True,True
ボート|bad|休み日数,30.383429179947832,10.350113894133504,6.469454992388039,183619,182105,True,True,True
ボート|fin|休み日数,30.383429179947832,10.350113894133504,6.469454992388039,183619,182105,True,True,True
ボート|stf|休み日数,30.383429179947832,10.350113894133504,6.469454992388039,183619,182105,True,True,True
ボート|maegumi|休み日数,30.383429179947832,10.350113894133504,6.469454992388039,183619,182105,True,True,True
モーターx今節|bad|w3,-18.739766167761818,-6.336039819314161,-6.444323162101102,111125,111054,True,True,True
選手xコース|natwin|w20,35.10344765216014,21.89255972232958,6.4436771255500185,180606,179100,True,True,True
選手x場|in_gain|lag2,26.808921314611,8.146732106125487,6.43938461961446,160113,159300,True,True,True
選手|maegumi|w10,-9.755292523436541,4.853438101336722,6.435727221064107,183178,181650,True,True,True
ボート|in_gain|w5,28.835063316955058,8.79934703071065,6.435111772124273,183480,181977,True,True,True
選手xコース|fin|lag3,-35.273383589918076,-10.465372026627625,-6.413673877505435,166404,165028,True,True,True
モーターx今節|stf|w10,-25.91276258157345,-5.488152006052367,-6.411924554466553,111073,111002,True,True,True
モーターx今節|stf|w20,-25.888152159382305,-5.492184575158345,-6.397495518492524,111073,111002,True,True,True
選手x今節|in_gain|lag2,25.963582178071864,8.074652808459284,6.39640026646298,126325,126324,True,True,True
選手x場|maegumi|wall,-15.690730003296858,4.638743191325257,6.3725790267103,151398,150563,True,True,True
選手x場|tt_z|lag5,-27.436380727693596,-10.22150827568384,-6.3656757645015585,121162,120395,True,True,True
モーターx今節|st|休み日数,30.909700214240324,10.67693460950099,6.324314662118225,152846,152764,True,True,True
モーターx今節|stf|休み日数,30.909700214240324,10.67693460950099,6.324314662118225,152846,152764,True,True,True
モーターx今節|fin|休み日数,30.909700214240324,10.67693460950099,6.324314662118225,152846,152764,True,True,True
モーターx今節|top3|休み日数,30.909700214240324,10.67693460950099,6.324314662118225,152846,152764,True,True,True
モーターx今節|top2|休み日数,30.909700214240324,10.67693460950099,6.324314662118225,152846,152764,True,True,True
モーターx今節|win|休み日数,30.909700214240324,10.67693460950099,6.324314662118225,152846,152764,True,True,True
モーターx今節|maegumi|休み日数,30.909700214240324,10.67693460950099,6.324314662118225,152846,152764,True,True,True
モーターx今節|bad|休み日数,30.909700214240324,10.67693460950099,6.324314662118225,152846,152764,True,True,True
モーターx今節|tt_z|休み日数,30.909700214240324,10.67693460950099,6.324314662118225,152846,152764,True,True,True
モーターx今節|course|休み日数,30.909700214240324,10.67693460950099,6.324314662118225,152846,152764,True,True,True
モーターx今節|tt_rank|休み日数,30.909700214240324,10.67693460950099,6.324314662118225,152846,152764,True,True,True
モーターx今節|natwin|休み日数,30.909700214240324,10.67693460950099,6.324314662118225,152846,152764,True,True,True
モーターx今節|wind|休み日数,30.909700214240324,10.67693460950099,6.324314662118225,152846,152764,True,True,True
モーターx今節|st_rel|休み日数,30.909700214240324,10.67693460950099,6.324314662118225,152846,152764,True,True,True
モーターx今節|in_gain|休み日数,30.909700214240324,10.67693460950099,6.324314662118225,152846,152764,True,True,True
ボート|win|lag5,20.181504686813028,8.282426683063916,6.319843049941826,169316,167960,True,True,True
選手x場|bad|lag1,-14.188869754710819,-6.192925399838448,-6.292266699872354,172213,171219,True,True,True
選手xコース|maegumi|lag5,-33.07034402315387,6.080145257662343,6.2601275824218385,176115,174648,True,True,True
選手|in_gain|lag2,27.30578421832024,8.111559093207442,6.25320879251492,180979,179498,True,True,True
選手x今節|natwin|lag5,33.00393740864246,4.296078724211752,-6.16768649870084,62250,62250,True,True,True
選手xコース|stf|w5,9.091507588751677,-6.138885732308115,-6.155799212299612,180599,179093,True,True,True
ボート|tt_rank|lag5,-21.34191199776271,-8.57504965444244,-6.151632949736688,169316,167960,True,True,True
ボート|st|w50,-15.354728928708342,-8.146410773071697,-6.145595364933927,183480,181977,True,True,True
場xコース|win|w3,34.864543779309884,6.311486098082129,6.133732452702501,148675,147413,True,True,True
モーター|in_gain|w10,27.38607862701109,8.44460592765116,6.131477381906562,183557,182028,True,True,True
モーターx今節|natwin|lag5,32.309585416952665,3.516621996523538,-6.122941905632993,65980,65909,True,False,True
モーター|bad|w5,-18.06750760300637,-6.248276226291476,-6.080111921547999,183557,182028,True,True,True
モーターx今節|stf|w50,-24.57656415025425,-5.161537306694483,-6.041561271838135,111073,111002,True,True,True
ボート|fin|w20,-19.61835255313035,-9.099539240854106,-5.995908462272139,183478,181975,True,True,True
モーター|bad|lag1,-12.571802336013864,-6.223341724777139,-5.99351166612891,183650,182119,True,True,True
選手xコース|in_gain|lag2,-2.4158499003771348,7.564795238003372,5.984005289709355,179247,177744,False,True,True
モーターx今節|in_gain|lag2,25.3311594970945,7.492184844021788,5.926770482750271,128052,127979,True,True,True
ボート|in_gain|w3,29.065027407307305,8.05690977069978,5.925937036223311,177558,176139,True,True,True
選手|maegumi|w20,-16.959642878112295,3.7954374226918173,5.892663097160324,183178,181650,True,False,True
モーター|bad|w3,-17.194227141770458,-6.015256228015229,-5.872733733011958,183557,182028,True,True,True
モーター|course|lag2,-2.5756282870978437,-8.580967547629466,-5.841344881161832,181269,179817,False,True,True
選手x場|maegumi|w20,-13.018823969588388,4.183271727365922,5.840153541390517,151398,150563,True,True,True
ボート|st_rel|w50,-14.020703963895931,-7.6060416661699835,-5.833969609683071,183480,181977,True,True,True
ボート|bad|w3,-15.880637321336135,-5.738204284514367,-5.751864988059284,183480,181977,True,True,True
選手|course|lag2,-16.914736695444216,-8.793258411555936,-5.7389500530416795,180979,179498,True,True,True
選手x今節|course|lag2,-9.727074365845784,-8.29244886237009,-5.7336860946200705,126325,126324,True,True,True
モーター|st|休み日数,30.620618882164894,9.805269749226403,5.714552444488095,183650,182119,True,True,True
モーター|st_rel|休み日数,30.620618882164894,9.805269749226403,5.714552444488095,183650,182119,True,True,True
モーター|top3|休み日数,30.620618882164894,9.805269749226403,5.714552444488095,183650,182119,True,True,True
モーター|top2|休み日数,30.620618882164894,9.805269749226403,5.714552444488095,183650,182119,True,True,True
モーター|win|休み日数,30.620618882164894,9.805269749226403,5.714552444488095,183650,182119,True,True,True
モーター|wind|休み日数,30.620618882164894,9.805269749226403,5.714552444488095,183650,182119,True,True,True
モーター|tt_z|休み日数,30.620618882164894,9.805269749226403,5.714552444488095,183650,182119,True,True,True
モーター|fin|休み日数,30.620618882164894,9.805269749226403,5.714552444488095,183650,182119,True,True,True
モーター|bad|休み日数,30.620618882164894,9.805269749226403,5.714552444488095,183650,182119,True,True,True
モーター|tt_rank|休み日数,30.620618882164894,9.805269749226403,5.714552444488095,183650,182119,True,True,True
モーター|natwin|休み日数,30.620618882164894,9.805269749226403,5.714552444488095,183650,182119,True,True,True
モーター|stf|休み日数,30.620618882164894,9.805269749226403,5.714552444488095,183650,182119,True,True,True
モーター|course|休み日数,30.620618882164894,9.805269749226403,5.714552444488095,183650,182119,True,True,True
モーター|maegumi|休み日数,30.620618882164894,9.805269749226403,5.714552444488095,183650,182119,True,True,True
モーター|in_gain|休み日数,30.620618882164894,9.805269749226403,5.714552444488095,183650,182119,True,True,True
選手xコース|maegumi|lag1,-33.17778039099754,5.679560439573228,5.686782985955396,180291,178793,True,True,True
モーターx今節|bad|wall,1.051844729871328,-5.381239903666366,-5.67257763441575,111125,111054,False,True,True
場xコース|top3|w3,34.86164982782022,6.045197850627738,5.66724878783073,148675,147413,True,True,True
選手xコース|top3|lag2,35.17955978997068,9.493394952054343,5.654734917267294,167341,165937,True,True,True
モーターx今節|course|lag2,-2.528417472909615,-8.193879773025131,-5.635485385962693,128052,127979,False,True,True
ボート|win|wall,-3.863682493200463,-5.055103332436915,-5.621094360615111,183478,181975,True,True,True
ボート|in_gain|lag2,24.317045995152018,6.91015977293125,5.611429371837607,181198,179721,True,True,True
モーター|in_gain|lag2,24.525754109813768,7.070632730512057,5.58917113188454,181269,179817,True,True,True
選手x場|tt_rank|lag5,-27.057718449630872,-9.438993615591873,-5.564720493797847,121162,120395,True,True,True
選手x場|maegumi|w50,-15.933572609930293,3.7694890170160558,5.535014945842881,151398,150563,True,False,True
選手xコース|in_gain|lag5,-2.9653226273333018,7.082885190745847,5.529808937986436,176115,174648,False,True,True
選手|stf|w3,-23.504858265848753,-4.842080419673178,-5.527608116095432,177079,175683,True,True,True
モーター|natwin|w20,28.839094059962633,2.731491367933075,-5.510486021887436,183557,182028,True,False,True
場xコース|natwin|w3,33.72285043163446,6.898653009270747,5.487041979898533,183719,182173,True,True,True
選手x場|in_gain|lag3,25.81597953806347,7.248770719274131,5.4564909433218824,150171,149339,True,True,True
場xコース|win|lag3,34.45853738022786,5.368302796978475,5.450025180656696,171144,169697,True,True,True
場xコース|fin|w3,-34.98370801078242,-5.754670448362832,-5.4209146491494025,148666,147404,True,True,True
ボート|bad|w5,-16.03963955781667,-5.556417071964701,-5.412737376515488,183480,181977,True,True,True
モーターx今節|win|w3,14.22412448707359,7.954347891267166,5.3833704955681565,95109,95039,True,True,True
場xコース|fin|lag1,-34.78494620263284,-6.180245369421674,-5.3492521357702385,171117,169669,True,True,True
モーター|bad|w20,-12.749308094141893,-5.8967289046505105,-5.345860671977587,183557,182028,True,True,True
選手xコース|stf|w3,6.812037319636572,-5.2722638874555425,-5.331230222500642,173549,172097,True,True,True
選手x場|bad|w5,-19.48098980239036,-5.260129808238905,-5.320761782351826,151474,150638,True,True,True
選手x場|maegumi|w10,-8.212607515262855,3.884504761673905,5.318694837295736,151398,150563,True,False,True
選手x今節|in_gain|lag3,24.34929575123551,6.856230262748334,5.307713581102866,108709,108709,True,True,True
選手|tt_z|w10,-31.662891703757353,-11.8105062126127,-5.300887732198511,183162,181634,True,True,True
選手|fin|w50,-35.02285636604458,-19.182123192320958,-5.288571213538949,183162,181634,True,True,True
場xコース|top3|w5,35.23173576448915,5.170442160985727,5.278286408745091,183690,182145,True,True,True
モーター|maegumi|w20,3.325622887849572,4.160936959256766,5.2273911591236955,183557,182028,False,True,True
場xコース|top2|w3,34.96997858029046,5.3918398931372735,5.221500321283028,148675,147413,True,True,True
選手|wind|休み日数,27.96685232063484,8.632139357114417,5.217805307720937,183538,182010,True,True,True
選手|st|休み日数,27.96685232063484,8.632139357114417,5.217805307720937,183538,182010,True,True,True
選手|st_rel|休み日数,27.96685232063484,8.632139357114417,5.217805307720937,183538,182010,True,True,True
選手|natwin|休み日数,27.96685232063484,8.632139357114417,5.217805307720937,183538,182010,True,True,True
選手|course|休み日数,27.96685232063484,8.632139357114417,5.217805307720937,183538,182010,True,True,True
選手|maegumi|休み日数,27.96685232063484,8.632139357114417,5.217805307720937,183538,182010,True,True,True
選手|tt_rank|休み日数,27.96685232063484,8.632139357114417,5.217805307720937,183538,182010,True,True,True
選手|stf|休み日数,27.96685232063484,8.632139357114417,5.217805307720937,183538,182010,True,True,True
選手|in_gain|休み日数,27.96685232063484,8.632139357114417,5.217805307720937,183538,182010,True,True,True
選手|top2|休み日数,27.96685232063484,8.632139357114417,5.217805307720937,183538,182010,True,True,True
選手|top3|休み日数,27.96685232063484,8.632139357114417,5.217805307720937,183538,182010,True,True,True
選手|fin|休み日数,27.96685232063484,8.632139357114417,5.217805307720937,183538,182010,True,True,True
選手|tt_z|休み日数,27.96685232063484,8.632139357114417,5.217805307720937,183538,182010,True,True,True
選手|bad|休み日数,27.96685232063484,8.632139357114417,5.217805307720937,183538,182010,True,True,True
選手|win|休み日数,27.96685232063484,8.632139357114417,5.217805307720937,183538,182010,True,True,True
場xコース|top2|lag1,34.7242263833592,5.829280247148234,5.206510204536453,171120,169672,True,True,True
モーターx今節|maegumi|wall,4.318147933333402,3.949836648144405,5.196274624588675,111073,111002,True,True,True
場xコース|st_rel|w20,-34.098195790289815,-5.958467491438656,-5.187040651208769,183719,182173,True,True,True
場xコース|st|w20,-34.08876369518793,-5.931042140236688,-5.152841750698819,183719,182173,True,True,True
場xコース|natwin|w5,33.95971634873339,5.515138217225752,5.147259706573327,183719,182173,True,True,True
選手x場|st_rel|休み日数,30.296581079635146,9.420147645143558,5.132606415209117,172213,171219,True,True,True
選手x場|st|休み日数,30.296581079635146,9.420147645143558,5.132606415209117,172213,171219,True,True,True
選手x場|tt_rank|休み日数,30.296581079635146,9.420147645143558,5.132606415209117,172213,171219,True,True,True
選手x場|in_gain|休み日数,30.296581079635146,9.420147645143558,5.132606415209117,172213,171219,True,True,True
選手x場|stf|休み日数,30.296581079635146,9.420147645143558,5.132606415209117,172213,171219,True,True,True
選手x場|natwin|休み日数,30.296581079635146,9.420147645143558,5.132606415209117,172213,171219,True,True,True
選手x場|wind|休み日数,30.296581079635146,9.420147645143558,5.132606415209117,172213,171219,True,True,True
選手x場|course|休み日数,30.296581079635146,9.420147645143558,5.132606415209117,172213,171219,True,True,True
選手x場|top2|休み日数,30.296581079635146,9.420147645143558,5.132606415209117,172213,171219,True,True,True
選手x場|tt_z|休み日数,30.296581079635146,9.420147645143558,5.132606415209117,172213,171219,True,True,True
選手x場|fin|休み日数,30.296581079635146,9.420147645143558,5.132606415209117,172213,171219,True,True,True
選手x場|top3|休み日数,30.296581079635146,9.420147645143558,5.132606415209117,172213,171219,True,True,True
選手x場|maegumi|休み日数,30.296581079635146,9.420147645143558,5.132606415209117,172213,171219,True,True,True
選手x場|win|休み日数,30.296581079635146,9.420147645143558,5.132606415209117,172213,171219,True,True,True
選手x場|bad|休み日数,30.296581079635146,9.420147645143558,5.132606415209117,172213,171219,True,True,True
選手x場|in_gain|w20,31.438296085206193,9.184130837543517,5.110132024317105,151398,150563,True,True,True
選手|tt_z|lag5,-28.111932795922886,-9.07699771377239,-5.100613313999239,168637,167226,True,True,True
選手xコース|maegumi|lag3,-33.03844174870813,5.007085325842964,5.099015722156894,178184,176693,True,True,True
選手xコース|tt_rank|w5,-34.92404748331851,0.2805498767030261,5.077195224237906,180477,178972,True,False,True
ボート|bad|lag1,-10.104424400925724,-4.94757442797701,-5.046411169122438,183619,182105,True,True,True
モーター|in_gain|w20,24.80445561661331,7.4455837198971695,5.034339733472766,183557,182028,True,True,True
選手x今節|stf|w3,-24.606989377615832,-4.303213969945152,-5.031471487599325,108494,108494,True,True,True
モーターx今節|maegumi|w10,-1.0799541108474315,3.6577762401822476,5.018977046456015,111073,111002,False,False,True
場xコース|st|w10,-33.34104394468148,-5.506198657636074,-5.004023556273858,183719,182173,True,True,True
場xコース|st_rel|w50,-34.73604120496308,-6.010723495744043,-4.999122911785278,183719,182173,True,True,True
選手xコース|tt_z|lag3,-33.713964285991494,2.0452515691867066,4.995508975172338,166406,165030,True,False,True
選手xコース|stf|w50,29.33737321619864,4.640452613356929,4.97328551095252,180599,179093,True,True,True
選手xコース|wind|wall,-19.453324314356756,-6.2608889417647395,-4.965329460604906,180606,179100,True,True,True
選手x場|bad|w3,-18.90564624620407,-4.856333162234032,-4.965257205914349,151474,150638,True,True,True
場xコース|st_rel|w3,-32.00390545001422,-5.68781595706433,-4.951311930824925,176878,175374,True,True,True
モーターx今節|maegumi|w20,-0.8637658198899025,3.5824791917468652,4.949045767924402,111073,111002,False,False,True
場xコース|st|w3,-32.02784055728969,-5.669415333112569,-4.9303749560160695,176878,175374,True,True,True
選手|maegumi|w5,-3.806646117478045,3.5463164201342146,4.924496517789838,183174,181646,True,False,True
選手xコース|tt_z|w5,-34.942846825520306,-0.008923759156957164,4.916450375349382,180477,178972,True,False,True
選手x場|course|lag2,-13.458618992815218,-7.912213985285234,-4.908073292321925,160113,159300,True,True,True
モーターx今節|in_gain|lag3,23.288023783756607,6.355862334789755,4.892586620742008,110988,110917,True,True,True
場xコース|st_rel|w10,-33.35043424244913,-5.39796992523811,-4.886232188367925,183719,182173,True,True,True
ボート|course|lag2,-0.6820263088077372,-7.283917749416333,-4.875933116583247,181198,179721,False,True,True
場xコース|natwin|lag2,32.31851572848622,5.897097349162071,4.8593918568085055,183719,182173,True,True,True
選手|in_gain|w20,32.71753098325608,9.120805543267982,4.828967211726516,183178,181650,True,True,True
モーターx今節|stf|w3,-23.71217306107634,-4.111177424947656,-4.828577634184901,110779,110708,True,True,True
場xコース|st_rel|w5,-32.634922423713405,-5.326090833199661,-4.821092270550655,183719,182173,True,True,True
場xコース|st|w5,-32.6174187284153,-5.3069372190680975,-4.820859888552129,183719,182173,True,True,True
ボート|top2|wall,-1.7794822982738572,-3.5454109269485095,-4.8062318912149795,183478,181975,False,False,True
場xコース|st|w50,-34.72484584501374,-5.787713044005129,-4.778646789769568,183719,182173,True,True,True
場xコース|win|w5,35.241218454662665,4.760914725067262,4.76057649314154,183690,182145,True,True,True
選手xコース|tt_rank|lag5,-33.72315449844336,2.0228712687336112,4.736466468225578,164394,163019,True,False,True
選手|tt_rank|lag5,-27.985007660846797,-8.65512118762628,-4.728291437904492,168637,167226,True,True,True
場xコース|fin|w5,-35.316799540164524,-4.565804776970935,-4.725701838282206,183690,182145,True,True,True
選手xコース|bad|w3,-11.608846168764018,-4.805359634011274,-4.714265155899536,180606,179100,True,True,True
選手|tt_rank|w10,-31.568217098044993,-11.238141825681607,-4.692285407138373,183162,181634,True,True,True
ボート|in_gain|w10,27.00339438145727,6.6839918151093105,4.685073599981672,183480,181977,True,True,True
モーターx今節|maegumi|w50,-0.39342981964067536,3.3287812254030857,4.6692228344808795,111073,111002,False,False,True
選手xコース|bad|w5,-13.500865896201416,-4.726875300842127,-4.6639410863437005,180606,179100,True,True,True
選手xコース|tt_rank|lag3,-33.66314169217432,1.752319780669111,4.660498642373408,166406,165030,True,False,True
モーター|natwin|w10,31.268870014609597,5.695348271370175,-4.630115755801734,183557,182028,True,True,True
場xコース|natwin|lag1,32.72741087389566,6.936487909297054,4.611572449847498,183719,182173,True,True,True
ボート|win|w20,15.953506128832913,7.0147507790388,4.579379442020856,183478,181975,True,True,True
ボート|bad|w20,-10.853451550331988,-4.548554658557623,-4.562939747993396,183480,181977,True,True,True
選手x場|in_gain|lag1,27.7473052340714,6.254698700589697,4.547244109225532,170979,170041,True,True,True
選手|in_gain|lag3,25.898070087761788,6.335305313112187,4.539100501969031,180834,179315,True,True,True
選手x今節|in_gain|lag1,27.639278913815286,6.366548450072979,4.523165415957852,151777,151766,True,True,True
モーターx今節|stf|wall,-1.5102186397229584,-3.8752883694613334,-4.519196169543351,111073,111002,False,False,True
選手|in_gain|lag1,27.858185366745676,6.323405509580265,4.5166234088345725,181468,180032,True,True,True
選手|stf|lag1,-16.3627970858762,-4.3243034260117295,-4.495987463038059,181468,180032,True,True,True
選手xコース|stf|lag1,2.879373711238399,-4.4947453251537635,-4.481288694681861,180291,178793,False,True,True
選手x今節|maegumi|w10,-3.267790867144693,3.0532897721186156,4.478080896049158,108774,108774,False,False,True
選手x今節|maegumi|w50,-3.3322402197575745,3.041332894128747,4.4720206586984705,108774,108774,False,False,True
選手x今節|maegumi|wall,-3.3322402197575745,3.041332894128747,4.4720206586984705,108774,108774,False,False,True
選手x今節|maegumi|w20,-3.3322402197575745,3.041332894128747,4.4720206586984705,108774,108774,False,False,True
選手|bad|lag3,-13.323206460387516,-4.403147669914528,-4.456437364011732,183178,181650,True,True,True
場xコース|fin|lag3,-34.76032948125362,-4.363912144792693,-4.438011617318913,171141,169694,True,True,True
モーター|natwin|lag5,32.200293492669154,4.264411964568416,-4.391897038262386,183462,181933,True,True,True
モーター|in_gain|lag3,22.320360410296082,5.852170484910327,4.3838560437832435,181218,179707,True,True,True
選手x場|maegumi|w5,-1.8148112334353528,2.971857405734385,4.382734131479513,151396,150561,False,False,True
ボート|fin|wall,1.4660018058492132,3.1139580016576267,4.28640729520944,183478,181975,False,False,True
選手xコース|tt_z|lag5,-33.73138423603374,1.473994613432107,4.257371147010777,164394,163019,True,False,True
ボート|tt_z|wall,-3.8046291454410053,-4.999271810801629,-4.249128684153992,183478,181975,True,True,True
選手|bad|lag5,-9.851354011487203,-4.251390382501265,-4.230691568998385,182810,181282,True,True,True
選手x場|natwin|w10,34.5678123447276,18.621891878569787,4.209201968005028,151474,150638,True,True,True
モーターx今節|maegumi|w5,2.151857722785728,3.1155122838920395,4.166818912974196,111073,111002,False,False,True
ボート|maegumi|w20,4.7062186804572725,3.8034825980417444,4.163545202436102,183480,181977,True,False,True
選手xコース|top3|lag5,35.147268234790346,8.108728589018602,4.157004999348562,164394,163019,True,True,True
選手x場|in_gain|w50,31.44428194330773,8.459894546785344,4.154528721762466,151398,150563,True,True,True
場xコース|top3|lag1,34.628281414922554,4.8143255267611895,4.154271712394659,171120,169672,True,True,True
選手xコース|bad|w10,-16.587153756956088,-4.206124764619417,-4.15092539319987,180606,179100,True,True,True
ボート|top3|w50,15.642999560215022,7.40988335604819,4.116759480308994,183478,181975,True,True,True
選手xコース|wind|w50,-13.759470112415409,-5.078831094793865,-4.11008249281379,180606,179100,True,True,True
ボート|in_gain|w20,23.487007051052224,5.679403323185449,4.102212421465323,183480,181977,True,True,True
選手xコース|top3|lag3,35.125025033363805,7.997988764918727,4.100091336696545,166407,165031,True,True,True
選手|maegumi|lag5,-5.689856012132086,3.2607466076202085,4.09274019539877,180463,178938,True,False,True
選手x今節|stf|lag1,-16.806138557533433,-3.8834761121089705,-4.0727661218878755,151777,151766,True,False,True
場xコース|top2|w5,35.29202621291439,3.748490418255448,4.024371339827627,183690,182145,True,False,True
場xコース|st|lag1,-30.499443499983222,-4.646006753886404,-4.018425021491395,181379,179846,True,True,True
場xコース|st_rel|lag1,-30.499443499983222,-4.646006753886404,-4.018425021491395,181379,179846,True,True,True
ボート|top3|wall,-0.13123035002267858,-2.739179528867453,-4.01436436916678,183478,181975,False,False,True
モーターx今節|maegumi|w3,4.640803959798436,3.0232129735634143,3.987130297133882,110779,110708,True,False,True
ボート|tt_rank|wall,-4.609970226615668,-4.756360859980504,-3.962962607247286,183478,181975,True,True,True
選手xコース|bad|lag1,-7.988235294117642,-3.9546965856285463,-3.9278955753125993,182676,181152,True,True,False
選手|top3|w50,34.99059569975017,18.011569078356782,3.9213434975649886,183162,181634,True,True,False
選手xコース|tt_z|lag2,-33.86791918750062,0.8739161703751768,3.910102373257046,167340,165936,True,False,False
ボート|bad|w50,-7.523836460002909,-4.002355103481511,-3.900546337088008,183480,181977,True,True,False
選手x場|in_gain|wall,31.392933259057937,8.09538728717797,3.8987291072072545,151398,150563,True,True,False
選手|course|wall,-34.59466244158337,-14.04590171124424,-3.8892382802716465,183178,181650,True,True,False
選手xコース|tt_rank|lag2,-33.810515558250614,0.929055117204224,3.8825467170652326,167340,165936,True,False,False
選手x場|stf|w5,-23.68926418202388,-3.481342493150259,-3.8737554244610286,151396,150561,True,False,False
モーター|win|wall,-0.2727332104813319,-2.191107122315156,-3.8485818906836053,183555,182026,False,False,False
モーター|bad|w50,-9.209525607053,-4.630508061617164,-3.8371096559177285,183557,182028,True,True,False
選手x場|stf|lag1,-16.397866468905924,-3.639523188701226,-3.8370437906247425,170979,170041,True,False,False
選手|stf|lag5,-9.361076930575472,-3.7342377863117817,-3.833304869162888,180463,178938,True,False,False
ボート|in_gain|lag3,21.259281950987607,5.117630918445946,3.8113778630062947,181152,179683,True,True,False
選手xコース|in_gain|lag3,-4.073035418509674,5.618750042812758,3.7947627116967246,178184,176693,True,True,False
選手xコース|stf|w10,15.194776423246807,-3.862414102807435,-3.786515453372141,180599,179093,True,False,False
選手xコース|maegumi|w3,-34.40131183552283,3.8964939895296142,3.7781185857264616,173549,172097,True,False,False
選手x今節|maegumi|w5,0.7109958671965915,2.658981863155361,3.7745593152359724,108774,108774,False,False,False
モーターx今節|stf|lag1,-16.087467397804627,-3.5564078854819656,-3.7371552056941177,152689,152607,True,False,False
選手|course|w5,3.040073530118272,-8.899375336361452,-3.702233770782116,183174,181646,False,True,False
ボート|maegumi|w5,4.6716764971970175,3.01507848601153,3.679259831018052,183480,181977,True,False,False
場xコース|top2|lag3,34.66333315197459,3.498855890625178,3.6734062742395435,171144,169697,True,False,False
モーター|maegumi|w5,3.0234649128166864,2.6217422487502,3.66898634926368,183552,182023,False,False,False
選手xコース|bad|lag3,-8.078646018750367,-3.640620677422606,-3.613601429086273,180606,179100,True,False,False
選手x場|bad|w10,-16.52876240377098,-3.4299742011538155,-3.592922353300821,151474,150638,True,False,False
ボート|maegumi|w10,4.099922897653789,3.097478769968245,3.576788331533083,183480,181977,True,False,False
選手|maegumi|w3,-0.07295971486908613,2.353842557428645,3.5663554796284096,177079,175683,False,False,False
モーター|maegumi|w3,5.001737561249901,2.5221319130646047,3.561995289232558,177620,176249,True,False,False
モーター|maegumi|w10,2.1220681906410643,2.5161676232557526,3.551540569146674,183557,182028,False,False,False
ボート|bad|w10,-12.537684284456057,-3.5286159368847776,-3.523473545626793,183480,181977,True,False,False
選手x今節|stf|lag2,-20.834814062060406,-2.772215015749917,-3.5005118290556645,126325,126324,True,False,False
ボート|maegumi|w3,5.342323065099924,2.7509649853176055,3.499981846915942,177558,176139,True,False,False
モーター|in_gain|lag1,27.45719474267582,5.1194185908752,3.4980087248583693,181667,180230,True,True,False
モーターx今節|in_gain|lag1,27.74775008609317,5.2613650403048675,3.4936555326024106,152689,152607,True,True,False
場xコース|st|lag2,-30.847111908399224,-3.9389675888874365,-3.4484802493789135,181376,179845,True,True,False
場xコース|st_rel|lag2,-30.847111908399224,-3.9389675888874365,-3.4484802493789135,181376,179845,True,True,False
モーター|stf|w5,-19.548306910067826,-2.6427827005926914,-3.4216352886177988,183552,182023,True,False,False
選手x今節|maegumi|w3,2.886622712099908,2.3914614668371614,3.4185603195285745,108494,108494,False,False,False
モーター|stf|w3,-20.297008869536455,-2.7926823928967894,-3.39294980396924,177620,176249,True,False,False
場xコース|st_rel|wall,-35.49413177909817,-4.802162577937086,-3.378794085793275,183719,182173,True,True,False
モーター|course|w3,21.696832149138952,-6.962155460003459,-3.3611800786212305,177620,176249,True,True,False
選手xコース|maegumi|w5,-34.79938491181764,3.5236342104868146,3.35506049758951,180599,179093,True,False,False
モーターx今節|stf|lag2,-20.03620601294174,-2.6479412977864425,-3.3539133214137893,128052,127979,True,False,False
選手x場|maegumi|w3,1.6205854778767639,2.1424747320450157,3.330676510225418,148188,147425,False,False,False
モーターx今節|bad|lag2,-13.261142171447528,-3.0490068281483986,-3.3288294702397514,128206,128133,True,False,False
モーター|course|w5,16.100466134545087,-7.5280265178874375,-3.3250852027814792,183552,182023,True,True,False
場xコース|st|wall,-35.49275888593116,-4.740679019255051,-3.31490431279076,183719,182173,True,True,False
場xコース|top3|lag3,34.523166361224796,3.2002825662962926,3.3126123875727864,171144,169697,True,False,False
選手|bad|lag2,-13.259005859605224,-3.0975156099971004,-3.279544622225363,183361,181833,True,False,False
ボート|course|w5,16.769516251651382,-6.9070589830001685,-3.274165828656401,183480,181977,True,True,False
選手x場|stf|w3,-23.16134154261531,-2.8253357018427936,-3.2658308255303425,148188,147425,True,False,False
場xコース|natwin|lag3,31.506250312704342,3.260897720664801,3.2470559479602485,183719,182173,True,False,False
モーター|course|wall,3.4698496433505244,0.45404017523574697,3.2355897346121854,183557,182028,False,False,False
ボート|top2|w50,13.461728725704338,6.510755414969619,3.2271929691111523,183478,181975,True,True,False
ボート|natwin|wall,2.5758639986023737,-1.3683099985447098,-3.2175350342364495,183480,181977,False,False,False
選手x今節|bad|lag3,-13.689449654026143,-3.072052048711576,-3.201446558253161,108826,108826,True,False,False
ボート|bad|lag2,-10.901155766133797,-3.154422810890898,-3.1960930888813284,183545,182040,True,False,False
選手x場|stf|w50,-6.810157747868714,3.636102449103423,3.1785913428841246,151398,150563,True,False,False
選手xコース|course|lag5,-35.53919059582184,-2.2747412593868463,-3.170518617390465,176115,174648,True,False,False
モーター|in_gain|w50,18.510997574934475,5.367619885310678,3.1621961870519546,183557,182028,True,True,False
選手x今節|bad|lag2,-14.155390417845064,-2.9199159585278145,-3.1582089384432925,126463,126462,True,False,False
選手|in_gain|lag5,24.514891175711504,4.6695508602731355,3.1540893850897724,180463,178938,True,True,False
モーターx今節|natwin|w10,31.987737658050513,10.274615008135019,-3.140332345266746,111125,111054,True,True,False
選手xコース|natwin|w10,35.10485521189741,19.917064140806133,3.138814416473688,180606,179100,True,True,False
選手x場|bad|w20,-13.900231987907404,-2.8481575692369967,-3.117881110200273,151474,150638,True,False,False
選手|wind|wall,-11.491622491804563,-3.520675528270444,-3.0984274676932766,183178,181650,True,False,False
ボート|natwin|w50,21.57318191748685,1.233561059850243,-3.0716442561726787,183480,181977,True,False,False
選手|stf|lag2,-17.45112641574787,-2.420528989945807,-3.0357154926360566,180979,179498,True,False,False
モーターx今節|natwin|wall,31.388621806702133,10.373501410705087,-3.0116677132121716,111125,111054,True,True,False
モーターx今節|maegumi|lag5,-1.3578607296720882,2.656084140076824,2.972487899728907,65890,65819,False,False,False
モーターx今節|natwin|w50,32.24605539471527,10.513620469014626,-2.965604962318592,111125,111054,True,True,False
モーターx今節|natwin|w3,32.1054593527011,10.534816531652528,-2.963360939512659,111125,111054,True,True,False
選手xコース|in_gain|w3,-10.590271318030961,5.023373951087672,2.961594171875001,173549,172097,True,True,False
選手xコース|course|w10,-35.55112768178674,-1.9658716683957875,-2.9437309505945852,180599,179093,True,False,False
選手xコース|course|w5,-35.54922618422154,-1.9603510629498433,-2.9425438947054308,180599,179093,True,False,False
ボート|stf|lag1,-14.464285714285712,-2.8967133565454914,-2.937399429223785,181640,180163,True,False,False
モーターx今節|natwin|w5,32.00270636145823,10.389571926677082,-2.9256044385492195,111125,111054,True,True,False
選手|in_gain|wall,34.102121931500214,9.356387782168923,2.919290476401231,183178,181650,True,True,False
モーター|maegumi|w50,1.4329059850696415,1.9753600211758469,2.9137286244027143,183557,182028,False,False,False
ボート|fin|w50,-12.996265068826052,-5.804410440085682,-2.9128359293646953,183478,181975,True,True,False
場xコース|win|lag5,34.40763357210345,2.469959577887148,2.907447586193165,171371,169929,True,False,False
選手xコース|tt_rank|lag1,-33.8794739802677,-6.5556445896229825,-2.9063904651470613,168461,167094,True,True,False
選手|tt_rank|w20,-31.54692401463657,-4.248626040231306,2.898051232158217,183162,181634,True,True,False
モーターx今節|natwin|lag3,33.21416008311879,10.512377425613035,-2.895728461322439,111125,111054,True,True,False
選手xコース|in_gain|w50,12.965102389301475,0.7122407150893665,-2.887734432856488,180599,179093,True,False,False
選手x今節|stf|lag3,-19.659108250841435,-2.2490134513107054,-2.880505043007369,108709,108709,True,False,False
選手xコース|course|w20,-35.55100402999503,-1.8953058873795972,-2.860870649656803,180599,179093,True,False,False
選手x場|tt_rank|wall,-30.758446183682413,-5.177452643821476,2.8587262965362785,150851,150020,True,True,False
選手xコース|course|wall,-35.55099373852325,-1.9007882687805528,-2.8568032043531746,180599,179093,True,False,False
選手x場|tt_rank|w50,-30.652182957665598,-5.145222154675461,2.8533033001514663,150851,150020,True,True,False
選手xコース|course|w50,-35.551389783110466,-1.9017850294054564,-2.8528428744202357,180599,179093,True,False,False
選手|course|w3,18.068173760045017,-7.066711486921774,-2.845790596894689,177079,175683,True,True,False
選手x今節|maegumi|lag5,-0.842690633270085,2.497655933255983,2.8282735053516213,62193,62193,False,False,False
モーター|wind|lag3,-1.0777671260290522,-2.9024132549388733,-2.827332620240785,183557,182028,False,False,False
選手x場|in_gain|lag5,21.766741722884362,4.266025590958679,2.8058049368413753,128877,128056,True,True,False
モーター|natwin|lag3,33.35769935117241,9.591089323276886,-2.8015418469753515,183557,182028,True,True,False
モーター|stf|lag1,-14.481722488974384,-2.744244891085362,-2.791775039372456,181667,180230,True,False,False
ボート|course|w10,11.005481384528933,-6.2121419729379985,-2.7883538330290794,183480,181977,True,True,False
選手xコース|course|w3,-35.53528980976591,-1.8841502666468228,-2.787398431640444,173549,172097,True,False,False
選手xコース|course|lag1,-35.54949024709726,-1.92665904185727,-2.787077287439671,180291,178793,True,False,False
選手xコース|stf|lag5,4.078467387363077,-2.73842726109848,-2.784580268269458,176115,174648,True,False,False
モーターx今節|natwin|w20,32.27993125903435,10.724658353951876,-2.765663133986822,111125,111054,True,True,False
選手|natwin|w50,35.12132028224085,19.65838206401861,2.75575433809135,183178,181650,True,True,False
選手xコース|course|lag2,-35.55012969058429,-1.8547677333150165,-2.728008474993089,179247,177744,True,False,False
モーターx今節|maegumi|lag1,6.357237396682461,1.8531652772343163,2.7274542194992644,152689,152607,True,False,False
選手x場|tt_z|wall,-30.792163759701484,-5.403044661183604,2.702159979690731,150851,150020,True,True,False
モーターx今節|maegumi|lag2,1.8821766599970269,2.123254415998486,2.6997380006366716,128052,127979,False,False,False
選手|maegumi|lag3,-1.9153196453866672,1.9615013315591188,2.6784032662579524,180834,179315,False,False,False
モーター|natwin|w5,32.719889210603355,10.62932837443932,-2.6763322226064976,183557,182028,True,True,False
選手x場|wind|wall,6.369438818405094,3.003845003652128,2.674017633721273,151474,150638,True,False,False
ボート|maegumi|lag1,5.901378046616289,1.9225729956747304,2.6593990615013365,181640,180163,True,False,False
選手x場|course|w50,-28.50821938885698,-10.289055842554099,-2.6513473181927667,151398,150563,True,True,False
モーター|bad|lag2,-11.323168591636955,-2.6070730584230364,-2.646346180929821,183604,182074,True,False,False
ボート|in_gain|lag1,26.846051609123723,4.192895569345672,2.6416582809387195,181640,180163,True,True,False
モーターx今節|bad|lag3,-11.700427342623,-2.518570470322825,-2.6414051032160635,111125,111054,True,False,False
ボート|stf|w3,-20.226413224913365,-2.1968663721823027,-2.6244591399165844,177558,176139,True,False,False
選手xコース|tt_z|lag1,-33.914034205115804,-6.243795298805367,-2.614911813157698,168461,167094,True,True,False
ボート|stf|w5,-19.852959912468588,-2.29184116113615,-2.613227493075057,183480,181977,True,False,False
ボート|maegumi|wall,7.552966675390423,2.7223982295823475,2.612147104258705,183480,181977,True,False,False
選手x場|stf|lag2,-18.429393371735905,-2.300632431023609,-2.6042944938135513,160113,159300,True,False,False
モーター|course|w10,9.130326557422281,-7.024577927816067,-2.603888101967562,183557,182028,True,True,False
場xコース|stf|wall,35.04291075414935,3.8616881494895026,2.58801901827219,183719,182173,True,False,False
選手|course|w10,-23.60724154196631,-9.201303280613633,-2.566988346331285,183178,181650,True,True,False
モーターx今節|stf|lag3,-18.40188364442672,-1.9435949213405979,-2.558745425393843,110988,110917,True,False,False
選手xコース|stf|lag3,3.9696062113691855,-2.5326132723094514,-2.513809631138271,178184,176693,True,False,False
選手xコース|course|lag3,-35.53565862423054,-1.6294575933748696,-2.502410896740847,178184,176693,True,False,False
ボート|natwin|lag5,31.95931834147034,4.99325963223236,-2.4974133841595685,183347,181846,True,True,False
ボート|course|w3,22.00889475913224,-5.653660841078967,-2.4925132058589545,177558,176139,True,True,False
選手x今節|natwin|lag3,34.11400269505022,11.62913479428012,-2.4891234846767367,108826,108826,True,True,False
ボート|bad|lag3,-9.145962434535113,-2.5952250697116743,-2.485999491703027,183480,181977,True,False,False
選手x今節|natwin|wall,34.11499968283155,11.6360232268924,-2.483210089636883,108826,108826,True,True,False
選手x今節|natwin|w3,34.11499968283155,11.6360232268924,-2.483210089636883,108826,108826,True,True,False
選手x今節|natwin|w50,34.11499968283155,11.6360232268924,-2.483210089636883,108826,108826,True,True,False
選手x今節|natwin|w5,34.11499968283155,11.6360232268924,-2.483210089636883,108826,108826,True,True,False
選手x今節|natwin|w10,34.11499968283155,11.6360232268924,-2.483210089636883,108826,108826,True,True,False
選手x今節|natwin|w20,34.11499968283155,11.6360232268924,-2.483210089636883,108826,108826,True,True,False
モーター|maegumi|lag2,2.792905914978186,1.8641658776615015,2.4831232886991392,181269,179817,False,False,False
選手x場|wind|w20,5.300527738212422,2.732075901304607,2.477792651336503,151474,150638,True,False,False
選手xコース|natwin|lag5,35.08911434857708,19.474787449949226,2.470255934077013,178532,177041,True,True,False
ボート|maegumi|lag5,1.7358261813548648,2.2710368102786536,2.4524147635267117,181008,179542,False,False,False
選手x場|maegumi|lag5,-4.57202605064709,1.8500663841745977,2.4446316005333446,128877,128056,True,False,False
場xコース|in_gain|wall,-14.130989738491568,-1.8190181945946922,-2.408329683836575,183719,182173,True,False,False
選手xコース|maegumi|w10,-35.165060861555524,2.6889345135254494,2.4004112157333175,180599,179093,True,False,False
ボート|in_gain|w50,16.659274641409635,3.4499706120105698,2.356196632774678,183480,181977,True,False,False
モーター|course|lag3,-3.8840863665134697,-4.1750838279762315,-2.355998583135115,181218,179707,True,True,False
選手x今節|maegumi|lag1,5.2796937689906835,1.369116866897224,2.3487419767066164,151777,151766,True,False,False
モーター|wind|w10,-1.6473646375925926,-2.251564084925878,-2.3460412541757805,183557,182028,False,False,False
ボート|natwin|w10,31.019949273106793,6.5821159674149685,-2.3367455848306466,183480,181977,True,True,False
選手x今節|stf|lag5,-12.944336640547856,-2.0390617759137135,-2.306107622415873,62193,62193,True,False,False
選手x場|course|wall,-28.472173796776644,-9.98648642841574,-2.296507936348022,151398,150563,True,True,False
モーター|fin|wall,-3.1676710709077467,-0.605630053747822,2.2872266738509275,183555,182026,False,False,False
選手|course|w20,-31.355188025300915,-10.088747604855763,-2.2572631003785295,183178,181650,True,True,False
選手x場|tt_z|w50,-30.741280527181043,-5.7563597854551185,2.2463310624743427,150851,150020,True,True,False
場xコース|top3|w20,35.510712879955655,1.8540281883948992,2.243092494741571,183719,182173,True,False,False
モーター|stf|lag2,-14.73759452531188,-1.6217653792957119,-2.2402688394998886,181269,179817,True,False,False
選手xコース|stf|lag2,4.919835335892246,-2.1161343575834506,-2.2368226595177054,179247,177744,True,False,False
選手xコース|in_gain|w20,-7.216419648304618,1.0914049571242557,-2.235448582517078,180599,179093,True,False,False
選手x場|stf|lag5,-8.735106069975641,-2.2808761891156997,-2.229990379599533,128877,128056,True,False,False
選手|stf|lag3,-15.12850231753365,-1.8603233885322112,-2.2233491863205757,180834,179315,True,False,False
選手x今節|course|lag3,-11.605091529368378,-4.280122140694858,-2.2210317379803177,108709,108709,True,True,False
ボート|course|lag3,-2.3622281923792365,-3.667887001395001,-2.2202311646636215,181152,179683,False,False,False
選手|tt_z|w20,-31.64185381780445,-4.925081713078781,2.21378946840899,183162,181634,True,True,False
モーターx今節|win|wall,13.319886412990162,3.956711106994827,2.2072475707786503,108557,108486,True,True,False
モーターx今節|course|lag3,-5.616654234702646,-4.234045109558806,-2.206707744761678,110988,110917,True,True,False
選手x今節|bad|lag5,-7.982894577337596,-2.0378104372978494,-2.1972089978087284,62250,62250,True,False,False
モーター|top2|wall,3.5611270907082533,0.8350113865550898,-2.1911014486662874,183555,182026,False,False,False
場xコース|top3|w10,35.39338136404805,1.8409300769486747,2.1890927570620127,183719,182173,True,False,False
選手|course|lag3,-18.220044569979994,-4.48759786841488,-2.1728169093112437,180834,179315,True,True,False
選手x場|maegumi|lag1,4.10247140143402,1.1283931928410267,2.1688841641264167,170979,170041,True,False,False
モーター|maegumi|lag1,5.659127042045382,1.3509447435315598,2.160780487079951,181667,180230,True,False,False
場xコース|st_rel|lag3,-29.901467789441554,-2.442884487415644,-2.142031071183723,181362,179830,True,False,False
場xコース|st|lag3,-29.901467789441554,-2.442884487415644,-2.142031071183723,181362,179830,True,False,False
選手x場|course|w20,-26.852318896349818,-9.540918331675202,-2.1316796213365543,151398,150563,True,True,False
モーターx今節|maegumi|lag3,-1.0621866233927921,1.3893536897531669,2.1189055107458663,110988,110917,False,False,False
選手x場|course|w5,10.51835883410102,-7.187154328724287,-2.0933801708439663,151396,150561,True,True,False
モーター|maegumi|lag5,-1.0291255050419963,1.8380836595057866,2.093303775624487,181134,179609,False,False,False
選手x場|maegumi|lag2,-1.1202462259153956,1.4107948431212711,2.09187581730076,160113,159300,False,False,False
選手xコース|in_gain|w5,-12.97897193931934,4.429501690297389,2.068870502847523,180599,179093,True,True,False
モーター|natwin|w3,33.126641962029886,12.267821025321433,-2.0536542129555544,183557,182028,True,True,False
選手x場|course|lag3,-15.202341412102154,-4.485745027718825,-2.0413714320197656,150171,149339,True,True,False
選手x場|bad|lag5,-6.998227754260082,-2.1290223019102963,-2.011324216962526,130225,129402,True,False,False
ボート|bad|wall,4.751350777323565,-2.3869350485789864,-1.998464752111696,183480,181977,True,False,False
ボート|maegumi|lag2,2.809556461446936,1.5505567849412887,1.981074931412181,181198,179721,False,False,False
選手|maegumi|lag1,3.2997057747365695,0.9283061765085356,1.9809468300607767,181468,180032,False,False,False
選手x今節|maegumi|lag2,-0.4502413759731603,1.3605572103501677,1.980489867127065,126325,126324,False,False,False
モーターx今節|course|lag1,26.59556655014743,-0.21946517398234938,1.9627471144449073,152689,152607,True,False,False
選手xコース|natwin|lag3,35.07867684388374,18.64255055009549,1.9580362962881432,180606,179100,True,True,False
モーター|wind|w5,-1.9729569869273345,-1.909874244847835,-1.9408193384903079,183557,182028,False,False,False
場xコース|stf|w50,22.14540399181165,1.9474693764038034,1.9339467745042382,183719,182173,True,False,False
選手x場|wind|w50,6.177976774232595,2.3009510419835775,1.9284966564004686,151474,150638,True,False,False
選手x今節|maegumi|lag3,-2.4534458558343357,1.1712807445322648,1.912035450883856,108709,108709,False,False,False
ボート|natwin|w20,27.9053589277283,3.924211509285997,-1.8958995550628597,183480,181977,True,False,False
場xコース|fin|lag5,-34.7096185781311,-1.1398123336247943,-1.8821948743085812,171368,169926,True,False,False
ボート|in_gain|wall,6.283385217261029,-1.1832986634820792,-1.8722188996274396,183480,181977,True,False,False
モーターx今節|natwin|lag2,33.51684405702825,12.504853770003656,-1.8562961832920726,128206,128133,True,True,False
モーターx今節|stf|lag5,-11.23101904971215,-1.6147389810636732,-1.854368265655647,65890,65819,True,False,False
選手xコース|natwin|w5,35.102750035234386,18.88841612511937,1.8483683182048287,180606,179100,True,True,False
ボート|course|w20,7.680229179354418,-4.636994261877391,-1.8174113219373655,183480,181977,True,True,False
選手xコース|bad|lag5,-6.498069498069497,-1.7946275698515597,-1.8073335499923229,178532,177041,True,False,False
選手x今節|course|w5,20.114114221323863,-6.09019780138111,-1.8065476850940712,108774,108774,True,True,False
ボート|natwin|lag3,33.11198360612948,9.145469294898398,-1.8014528580517815,183480,181977,True,True,False
選手x場|bad|lag2,-12.34543776128986,-1.5530504268864824,-1.786256039966316,161528,160685,True,False,False
モーター|maegumi|lag3,0.8331613242662722,1.1299568313641055,1.7760545627076025,181218,179707,False,False,False
選手|bad|wall,-19.159065237221522,-0.5397130135026792,-1.7596956550787828,183178,181650,True,False,False
モーター|bad|lag3,-9.102708555705028,-1.7729965741845226,-1.7431400069827996,183557,182028,True,False,False
選手xコース|wind|w10,-7.13781674357548,-2.2256501165502827,-1.7404667733560932,180606,179100,True,False,False
モーター|stf|w10,-14.908080705668443,-1.3580408454218904,-1.739284644794183,183557,182028,True,False,False
モーターx今節|bad|lag5,-7.073975203876764,-1.623440696528581,-1.7389734921134894,65980,65909,True,False,False
ボート|stf|lag2,-14.653643268926688,-1.2136180178677782,-1.7288564230903085,181198,179721,True,False,False
選手xコース|tt_rank|w3,-34.48364510067622,-2.3497126460410716,1.7213904886292777,141503,140367,True,False,False
場xコース|win|w10,35.382402851590186,1.7039172775653904,1.7089712249982532,183719,182173,True,False,False
選手x今節|course|lag1,28.948292752586443,-0.6928469510608883,1.694074228708769,151777,151766,True,False,False
モーター|wind|wall,-1.5726125417518788,-1.6064001389117712,-1.6910767407662692,183557,182028,False,False,False
選手x場|natwin|w5,34.538065192567906,16.76964393862084,1.6897770337336648,151474,150638,True,True,False
場xコース|in_gain|w50,-15.748812175795194,1.698374397852155,1.6782252990856992,183719,182173,True,False,False
モーター|natwin|lag2,33.63760392129499,12.240495931594301,-1.6731978999042851,183604,182074,True,True,False
ボート|maegumi|lag3,1.6088599874899097,1.3593723269393758,1.6534226977952053,181152,179683,False,False,False
選手xコース|maegumi|wall,-35.45821719430417,-0.3247270105629608,-1.6448765816542628,180599,179093,True,False,False
ボート|stf|w10,-15.89402210299284,-1.6009453691178204,-1.6427482513227782,183480,181977,True,False,False
選手|in_gain|w50,33.43081314713022,7.1900491794780175,1.6223106646513337,183178,181650,True,True,False
ボート|course|wall,6.071200679633967,0.27237666239344854,1.6127092324196384,183480,181977,True,False,False
選手x今節|natwin|lag2,34.52982581967815,13.388783055820658,-1.6095312554979044,126463,126462,True,True,False
モーター|course|lag1,26.735881466674876,-0.509057215713384,1.602545035105449,181667,180230,True,False,False
選手x場|bad|lag3,-11.763032174075581,-1.6566099891183403,-1.594423218601592,151474,150638,True,False,False
選手xコース|wind|lag5,-4.074303542496084,-1.8336388138510273,-1.5932541483262697,178532,177041,True,False,False
モーター|wind|lag5,-1.601285059691897,-1.5038114575179349,-1.5863899646796182,183462,181933,False,False,False
選手x場|course|lag1,28.060477207867187,-1.072293345531531,1.5831290947054073,170979,170041,True,False,False
選手|maegumi|lag2,-1.9422883376680895,0.9689662356908181,1.5484379030485362,180979,179498,False,False,False
選手x今節|in_gain|lag5,19.06364451940197,2.630180473833951,1.5483830735645168,62193,62193,True,False,False
場xコース|win|w50,35.515559641585824,1.4118874159977133,1.5455859829174534,183719,182173,True,False,False
選手xコース|wind|w20,-8.457102253472325,-2.280402477198486,-1.5375015674157728,180606,179100,True,False,False
場xコース|top2|lag5,34.63018459003187,0.7654213981971595,1.5355247766544353,171371,169929,True,False,False
場xコース|maegumi|w10,-35.086262387534575,2.128764838697984,1.5309968339001827,183719,182173,True,False,False
モーターx今節|course|w5,15.455156732957391,-5.573688240244854,-1.523971413575608,111073,111002,True,True,False
選手xコース|bad|w20,-18.579682344147287,-1.5400667302498339,-1.5151094250211994,180606,179100,True,False,False
選手x場|maegumi|lag3,-2.689172575108339,0.7404069147078367,1.5104865186696266,150171,149339,False,False,False
場xコース|tt_rank|w20,-34.98115076148221,1.991729526039484,1.4988963292587176,183719,182173,True,False,False
選手x今節|wind|lag3,-1.1523053080892423,-1.5549882041139573,-1.4856823517696816,108826,108826,False,False,False
場xコース|fin|w10,-35.4454561627574,-1.185983313023609,-1.483951219550689,183719,182173,True,False,False
選手x場|natwin|lag5,33.86985735075658,15.487075263172436,1.4480888174554138,130225,129402,True,True,False
選手|course|lag1,27.3332677141025,-1.2520625679747241,1.4479560184934552,181468,180032,True,False,False
モーター|st_rel|wall,-3.8982214614573425,-0.7410622496450102,1.4249239716235351,183557,182028,True,False,False
場xコース|top2|w10,35.42887180357789,1.0385696572600054,1.4248271616458126,183719,182173,True,False,False
モーターx今節|wind|lag3,-1.05682362812803,-1.4831839710947734,-1.4182305621932714,111125,111054,False,False,False
選手xコース|natwin|w3,35.09142764193294,18.25806050184229,1.4045114303795276,180606,179100,True,True,False
選手x場|natwin|lag3,34.508313362589874,16.402568861151774,1.403275244479188,151474,150638,True,True,False
モーター|in_gain|lag5,14.685930798455367,2.4623770300438905,1.3973169095219733,181134,179609,True,False,False
選手x場|bad|wall,1.2139948282537467,2.647038372660523,1.3854758378779393,151474,150638,False,False,False
ボート|course|lag1,26.671804262719167,-0.6683732831790841,1.383369736831069,181640,180163,True,False,False
ボート|course|w50,4.338668013312354,-3.742973412850669,-1.3761587106036768,183480,181977,True,False,False
選手xコース|bad|wall,-16.93940736331238,-0.5947899789946134,-1.3734641169154878,180606,179100,True,False,False
モーターx今節|in_gain|lag5,17.10402560879069,2.4214298596354458,1.3732572791339464,65890,65819,True,False,False
選手x今節|course|w10,18.927305610874814,-6.283329206976633,-1.3711600963880042,108774,108774,True,True,False
場xコース|top3|lag5,34.481317250914664,0.6550741473960232,1.3683041671357812,171371,169929,True,False,False
選手x場|course|w3,21.5305089990458,-5.58303570824919,-1.367578241363859,148188,147425,True,True,False
場xコース|maegumi|w5,-34.76962970136935,1.7590031991456276,1.3618615523026407,183719,182173,True,False,False
選手xコース|stf|w20,22.39577946612814,1.1732776393246962,1.3604137288480334,180599,179093,True,False,False
モーターx今節|course|w10,15.307699327919293,-6.027835944554233,-1.3569905481506217,111073,111002,True,True,False
モーターx今節|wind|lag1,1.8714648130741898,1.2813263178112773,1.3564508032386653,152846,152764,False,False,False
場xコース|maegumi|lag1,-33.10595462981189,1.8550193421848409,1.3491814116156076,181379,179846,True,False,False
モーターx今節|course|w50,16.982083251381063,-5.986057229762244,-1.344334377346904,111073,111002,True,True,False
場xコース|in_gain|w10,-25.92868211570615,1.1091207830622043,1.3381133052454253,183719,182173,True,False,False
ボート|natwin|w5,32.520988234139615,10.834236259644486,-1.3145614733006394,183480,181977,True,True,False
選手x場|wind|w10,2.4138602423914164,1.4668338586451797,1.3026440827205303,151474,150638,False,False,False
モーターx今節|course|w20,16.992673498998105,-5.912377740109119,-1.3010614170041057,111073,111002,True,True,False
モーター|wind|lag1,1.621454319708065,1.1870551266152682,1.2995342018173865,183650,182119,False,False,False
選手x今節|course|wall,18.954891430243155,-6.21398361161548,-1.2892179798981245,108774,108774,True,True,False
選手x今節|course|w20,18.954891430243155,-6.21398361161548,-1.2892179798981245,108774,108774,True,True,False
選手x今節|course|w50,18.954891430243155,-6.21398361161548,-1.2892179798981245,108774,108774,True,True,False
選手|natwin|w20,35.10670850532013,18.32749703027209,1.282913129750098,183178,181650,True,True,False
選手xコース|natwin|lag2,35.082923783856224,18.181366028607066,1.2770855693321905,181643,180126,True,True,False
場xコース|maegumi|w3,-34.31992495559381,1.84099962705626,1.2766200263115826,176878,175374,True,False,False
モーター|natwin|lag1,33.96488015114321,13.943550025188799,-1.2648781172466017,183650,182119,True,True,False
選手|wind|lag3,-1.4016405511193941,-1.2103262356382958,-1.2487751777044689,183178,181650,False,False,False
場xコース|tt_z|w20,-34.98773731227178,1.7611216266945646,1.2463312873612435,183719,182173,True,False,False
場xコース|in_gain|w20,-24.181335144018107,1.0929658211524838,1.243967585113771,183719,182173,True,False,False
選手|wind|lag1,1.1078294739604642,1.0801369142176842,1.2346571638730666,183538,182010,False,False,False
モーターx今節|course|lag5,-14.345243799176798,0.19612542327586557,1.232857954704657,65890,65819,True,False,False
モーターx今節|course|wall,16.386420654102444,-5.866267351840858,-1.229640408442546,111073,111002,True,True,False
場xコース|natwin|w10,34.3597705971993,0.6377460756663486,1.2280863346933069,183719,182173,True,False,False
場xコース|top2|w20,35.52008313262212,0.7932639009392272,1.2280025351109682,183719,182173,True,False,False
場xコース|maegumi|lag5,-33.441442921536655,1.0588319767430545,1.227811335959995,181447,179921,True,False,False
モーター|course|w20,4.0822311355353085,-5.88760212511389,-1.2165789299017913,183557,182028,True,True,False
選手x場|wind|lag3,-0.19342780166305687,-1.2589534836768843,-1.1982394864491326,151474,150638,False,False,False
選手xコース|maegumi|w20,-35.343818005726014,1.597241336909866,1.190005255752487,180599,179093,True,False,False
モーター|top3|wall,6.194083218046108,2.0409949346086234,-1.1729339544027415,183555,182026,True,False,False
モーター|st|wall,-7.196957096340174,-3.7853642949381636,-1.1666442081086124,183557,182028,True,False,False
モーターx今節|natwin|lag1,33.84078646932947,14.446123102930157,-1.16175677648312,152846,152764,True,True,False
モーター|maegumi|wall,4.92175505186314,0.6196397235830859,1.1519718767889096,183557,182028,True,False,False
場xコース|maegumi|w20,-35.349472704373284,1.982070712050801,1.1503927113347696,183719,182173,True,False,False
選手xコース|bad|w50,-19.452059742259564,-1.342432790329117,-1.1466527402252562,180606,179100,True,False,False
ボート|maegumi|w50,2.0302798144602185,0.9973868325370802,1.1418996343854515,183480,181977,False,False,False
場xコース|top3|w50,35.547203275516914,0.6562011775397383,1.1404219479534594,183719,182173,True,False,False
選手xコース|tt_z|w3,-34.49787273936924,-3.0382902584400417,1.140319889001979,141503,140367,True,False,False
場xコース|fin|w20,-35.52482749421646,-0.7865910079451628,-1.13386753515351,183719,182173,True,False,False
場xコース|win|w20,35.47690301238384,1.0623928584205364,1.1297522111707554,183719,182173,True,False,False
選手xコース|wind|w5,-5.065700178661062,-1.4702785788251045,-1.1183348530283288,180606,179100,True,False,False
ボート|wind|lag1,1.215243246294031,1.047627878339003,1.115462283876468,183619,182105,False,False,False
ボート|stf|wall,4.17187298748138,-1.2811162065304311,-1.104976771109983,183480,181977,True,False,False
場xコース|maegumi|lag2,-33.28009853795044,1.6472189096913963,1.0980625851270565,181376,179845,True,False,False
ボート|wind|lag3,-0.8757109559540986,-1.2146312241599015,-1.0964961930934234,183480,181977,False,False,False
場xコース|st_rel|lag5,-30.026240404487332,-1.0195978047732046,-1.0912091499002226,181447,179921,True,False,False
場xコース|st|lag5,-30.026240404487332,-1.0195978047732046,-1.0912091499002226,181447,179921,True,False,False
ボート|natwin|w3,32.96102358981437,12.16076400045081,-1.0873115253540409,183480,181977,True,True,False
場xコース|bad|lag2,-3.204487016174257,-0.9887541442677276,-1.0868890658267898,183719,182173,False,False,False
選手x場|natwin|lag2,34.76041962856172,16.772572472306774,1.0851802267989792,161528,160685,True,True,False
場xコース|natwin|wall,35.554649403275796,0.3335315133382004,1.0805610446577876,183719,182173,True,False,False
場xコース|tt_rank|w3,-33.289604263102596,-1.1877368816757854,-1.0805286904535234,148672,147410,True,False,False
ボート|wind|w50,1.795788924339385,1.0700257829616175,1.0340582079302678,183480,181977,False,False,False
場xコース|in_gain|lag2,-14.580286907369546,0.888428575077854,1.03237583800241,181376,179845,True,False,False
選手x場|stf|w20,-13.604840651438444,1.2862274936459006,1.0295829276786337,151398,150563,True,False,False
モーター|wind|w50,0.32076064037615953,-0.7866994742375717,-1.012428013806734,183557,182028,False,False,False
選手x場|stf|w10,-18.70516216316492,-0.8011269178441315,-0.9907142967240434,151398,150563,True,False,False
選手x今節|course|lag5,-15.108001431373845,-0.2008939363460266,0.9774432659435368,62193,62193,True,False,False
選手x今節|wind|lag1,1.5827205280678773,0.909585578237033,0.9766228603452852,151930,151919,False,False,False
選手|wind|lag5,-1.2243303171389914,-1.1100633307977248,-0.9640366603890378,182810,181282,False,False,False
モーター|bad|lag5,-5.475460969614891,-1.1029697236814828,-0.9510598881043568,183462,181933,True,False,False
選手x場|wind|lag5,1.0242177458488222,0.833137928906767,0.9508273703195403,130225,129402,False,False,False
選手x今節|natwin|lag1,34.794743179275414,15.006042917708282,-0.9460648053912617,151930,151919,True,True,False
選手|wind|w50,-5.202015718810283,-1.0369097856804115,-0.9369072603225753,183178,181650,True,False,False
選手|natwin|w10,35.100323172676184,17.796093881972652,0.9327174665849355,183178,181650,True,True,False
モーター|in_gain|wall,9.647031547721635,2.5064301040981354,0.9316853703751293,183557,182028,True,False,False
モーター|stf|wall,4.474990305042036,0.8012526088505311,0.9160770123014974,183557,182028,True,False,False
ボート|in_gain|lag5,13.689941216534299,1.9367974473860055,0.9046287964553014,181008,179542,True,False,False
モーターx今節|course|w3,17.902663697460255,-4.47655785752321,-0.8845085251510814,110779,110708,True,True,False
選手x場|wind|lag1,1.4711856242651031,0.6658211033175097,0.8708358372850719,172213,171219,False,False,False
場xコース|maegumi|w50,-35.472846346478065,1.9471122535656498,0.8494974813964277,183719,182173,True,False,False
選手x今節|course|w3,22.327518673223416,-4.623536875702744,-0.8478157987816128,108494,108494,True,True,False
ボート|wind|w20,0.7559588703719321,0.8833771656865659,0.838144380288689,183480,181977,False,False,False
モーター|wind|w3,-0.43781832462486586,-0.91001507118883,-0.8290465105829795,183557,182028,False,False,False
ボート|win|w50,9.242068820520416,3.0001057610802353,0.8227956891100064,183478,181975,True,False,False
場xコース|bad|w3,-4.127197251550562,-0.6014150944856331,-0.8209036725850295,183719,182173,True,False,False
場xコース|natwin|w20,34.86110041064284,0.49961842413804475,0.8200048742378314,183719,182173,True,False,False
選手x場|course|w10,-17.6125490690181,-7.387049982947341,-0.8186476047814581,151398,150563,True,True,False
選手xコース|bad|lag2,-5.706957862812365,-0.9672044350640043,-0.8068816936968145,181643,180126,True,False,False
選手xコース|wind|lag3,-1.860053440834882,0.6376493965801441,0.7804434078241796,180606,179100,False,False,False
ボート|wind|wall,0.9662087055634195,0.9616677914120824,0.7681524791726756,183480,181977,False,False,False
場xコース|tt_rank|w10,-34.55745504709539,1.1661583073162625,0.7662203137580277,183719,182173,True,False,False
場xコース|tt_z|w10,-34.577019658876516,1.1393986445420887,0.7502177868865961,183719,182173,True,False,False
選手x場|natwin|w3,34.51234269723227,15.987615609818937,0.7419711046269895,151474,150638,True,True,False
モーター|stf|lag3,-11.255031657485448,-0.2449744996229982,-0.7396357962885636,181218,179707,True,False,False
ボート|st|wall,-3.9589623613316305,-1.7945831872786684,-0.736279040783661,183480,181977,True,False,False
選手xコース|natwin|lag1,35.10508636983633,17.639200665321425,0.7305984241906106,182676,181152,True,True,False
場xコース|stf|w20,16.427354845261316,0.6832808531450469,0.7302943749342047,183719,182173,True,False,False
場xコース|stf|lag5,7.076722013365883,-0.8484497906294921,-0.729452285195031,181447,179921,True,False,False
ボート|stf|w20,-11.324261461750494,-0.8546247827614375,-0.7285228005467975,183480,181977,True,False,False
場xコース|stf|lag3,7.976392599675509,0.7584499277379191,0.7207169709632688,181362,179830,True,False,False
場xコース|tt_z|w5,-34.15692971781827,-0.5240191820910436,-0.7085003685023736,183690,182145,True,False,False
場xコース|top2|w50,35.55302463149117,0.13882271116289213,0.7037520551615646,183719,182173,True,False,False
選手|natwin|lag5,35.098676067329166,17.63276944878809,0.6830895977076472,182810,181282,True,True,False
場xコース|tt_rank|w50,-35.32798705861588,1.3192866908574614,0.6713800821364239,183719,182173,True,False,False
選手xコース|in_gain|w10,-13.92909275795063,2.187897502476422,-0.655938717871269,180599,179093,True,False,False
場xコース|in_gain|lag1,-15.793081571758567,-0.6530730867802168,-0.6550463515147219,181379,179846,True,False,False
ボート|wind|lag2,-1.9251182331759933,-0.6113934096617348,-0.654376496076098,183545,182040,False,False,False
モーター|course|w50,0.18696313848114007,-5.1455285118977425,-0.6480872547417329,183557,182028,False,True,False
選手xコース|wind|lag2,-2.979510564972371,-0.7502676890677406,-0.6389781025582532,181643,180126,False,False,False
場xコース|fin|w50,-35.55033547078416,-0.12035019389647197,-0.6387098922701331,183719,182173,True,False,False
場xコース|tt_rank|lag1,-32.26810386681957,-1.000830031348767,-0.6238399975516223,171119,169671,True,False,False
場xコース|tt_z|lag1,-32.26810386681957,-1.000830031348767,-0.6238399975516223,171119,169671,True,False,False
選手x場|wind|w5,0.2634296365022087,0.6233695710200194,0.6131876987961888,151474,150638,False,False,False
選手xコース|in_gain|wall,23.00075039533348,2.617432001323872,-0.6119741211072743,180599,179093,True,False,False
場xコース|bad|w5,-4.139427566693778,-0.3275581482287163,-0.6080689228141813,183719,182173,True,False,False
選手|wind|w20,-3.06277609033963,-0.6871028843527032,-0.6008297720484165,183178,181650,False,False,False
場xコース|bad|lag3,-2.798056546821113,-0.35379922945814424,-0.5970716491861942,183719,182173,False,False,False
選手x場|tt_z|w20,-31.032009295299257,-8.141196233351033,-0.5966142779474742,150851,150020,True,True,False
選手xコース|maegumi|w50,-35.43482364788286,0.2710624935722348,-0.5633431897375488,180599,179093,True,False,False
選手|wind|lag2,-2.4646483627696165,-0.7179193322017652,-0.5632172623396443,183361,181833,False,False,False
モーター|stf|w50,-4.361792695486857,0.6631458543082656,0.5569506928338865,183557,182028,True,False,False
場xコース|stf|lag1,7.9836620367232705,0.4651414858170194,0.5509914813985771,181379,179846,True,False,False
場xコース|tt_z|w3,-33.29195912933523,-0.6664504290815676,-0.5474629510782039,148672,147410,True,False,False
場xコース|stf|w10,13.772218091344374,0.5813968840447263,0.5375850440114538,183719,182173,True,False,False
場xコース|stf|w3,10.34506071482218,0.5729780307534439,0.531245366778818,176878,175374,True,False,False
場xコース|tt_z|w50,-35.33602420635015,1.17156038364344,0.5130786817469629,183719,182173,True,False,False
選手x場|wind|w3,-0.221114271038734,-0.5391228317463147,-0.5127210515250167,151474,150638,False,False,False
ボート|natwin|lag1,33.859685824659365,13.911958080979202,-0.5082074362336982,183619,182105,True,True,False
場xコース|in_gain|w5,-25.890782722290098,0.2326290204965219,0.5038974277035947,183719,182173,True,False,False
選手|wind|w10,-2.106006191887081,-0.6224873765656382,-0.5007119190490127,183178,181650,False,False,False
場xコース|tt_rank|w5,-34.05626601888484,-0.24410655722335356,-0.4692047482327428,183690,182145,True,False,False
選手xコース|wind|w3,-3.5720370947190907,-0.650838444266962,-0.4683839492733498,180606,179100,False,False,False
選手|wind|w5,-1.070370372640424,0.3058136633558334,0.4383127335581628,183178,181650,False,False,False
選手|natwin|lag3,35.089434922767545,17.344022284496678,0.43488207879580465,183178,181650,True,True,False
選手x場|wind|lag2,-1.6852912119934134,-0.3883422716401939,-0.4313680184957386,161528,160685,False,False,False
場xコース|bad|w50,-9.65590058491679,0.47250231730694847,0.4206905929784333,183719,182173,True,False,False
場xコース|in_gain|lag5,-15.265517004505133,-0.6661339657335582,-0.41646021210856404,181447,179921,True,False,False
選手|natwin|lag2,35.09454440559049,17.268539470433215,0.3998348612593496,183361,181833,True,True,False
選手|natwin|w5,35.09575472644832,17.33313128442418,0.3920904772497854,183178,181650,True,True,False
選手|course|w50,-33.789577550097555,-9.819727543543653,0.39178773472961603,183178,181650,True,True,False
選手x今節|wind|w3,-0.8037712526367989,-0.3801913051432477,-0.3737435657279465,108826,108826,False,False,False
選手|course|lag5,-25.35922011731144,-2.8265661628129557,-0.37149141204691855,180463,178938,True,False,False
ボート|natwin|lag2,33.47954330251917,12.370870907544317,-0.37048284531490894,183545,182040,True,True,False
モーター|course|lag5,-13.429119986541727,-1.5952680736150866,-0.36275046267236466,181134,179609,True,False,False
モーター|wind|w20,0.6019038945385684,-0.051110493449294296,-0.3501259653371709,183557,182028,False,False,False
場xコース|natwin|w50,35.3369423004422,-0.501662566680935,-0.34578723933627736,183719,182173,True,False,False
選手x場|bad|w50,-6.234609780426067,0.34850735814141914,-0.3434185883510268,151474,150638,True,False,False
選手x場|tt_rank|w20,-31.01597132702735,-7.822801193478495,-0.3399213675305058,150851,150020,True,True,False
場xコース|bad|lag5,-1.8835382223729553,-0.19997165248842116,-0.3380054828532624,183719,182173,False,False,False
ボート|bad|lag5,-4.277878108256692,-0.5420186535039943,-0.33612927895067024,183347,181846,True,False,False
モーター|bad|wall,4.574443071694867,-0.0774347471206334,0.3264716561728554,183557,182028,True,False,False
場xコース|bad|w20,-6.263933799451376,0.4624642375672697,0.31516184077933446,183719,182173,True,False,False
場xコース|win|wall,35.55940365062311,-0.7327431666486018,0.29662736596245215,183719,182173,True,False,False
モーターx今節|wind|w20,-0.721338769631938,0.27924145135663075,0.2933548026021946,111125,111054,False,False,False
ボート|stf|lag5,-3.5783002674779523,0.16875734188515523,0.2828904450296393,181008,179542,False,False,False
選手xコース|wind|lag1,-2.5188073857127127,-0.4130839887718541,-0.27578157214477617,182676,181152,False,False,False
選手|wind|w3,-1.1814346493082777,-0.3036073804424449,-0.2749514444733738,183178,181650,False,False,False
場xコース|course|lag5,-35.54491303874673,1.4862777727241294,0.2728147714403252,181447,179921,True,False,False
場xコース|tt_rank|lag2,-32.29977640138041,-0.3287936168971745,-0.27268386852752435,171181,169734,True,False,False
場xコース|tt_z|lag2,-32.29977640138041,-0.3287936168971745,-0.27268386852752435,171181,169734,True,False,False
ボート|wind|lag5,-0.75464023067418,-0.3729964311247138,-0.2676446034184905,183347,181846,False,False,False
選手x場|natwin|lag1,34.93271961649262,16.662580942525327,0.2676134644541492,172213,171219,True,True,False
モーター|wind|lag2,-1.919721084020202,-0.19408706278250437,-0.24510380530609907,183604,182074,False,False,False
場xコース|maegumi|wall,-35.540337219675294,1.5937759420824171,0.2405524052344356,183719,182173,True,False,False
ボート|stf|lag3,-11.334508008381368,0.020314435712094854,-0.23852822522040237,181152,179683,True,False,False
場xコース|natwin|lag5,30.39142794007843,-1.2583857334299653,0.23405000940874154,183719,182173,True,False,False
選手|natwin|w3,35.090477869255125,17.190812645523177,0.2253385480542762,183178,181650,True,True,False
場xコース|tt_z|wall,-35.51096737790326,1.6194342378613138,0.22346616330174657,183719,182173,True,False,False
モーター|stf|lag5,-4.533711083380115,-0.13151588388398452,-0.21771461816734017,181134,179609,True,False,False
場xコース|stf|w5,11.847145264944423,0.23836221507061134,0.21527074277847108,183719,182173,True,False,False
選手x場|course|lag5,-20.863280983176217,-1.9413348245201218,0.21485600644882039,128877,128056,True,False,False
選手x今節|wind|w10,-1.1753038006734953,-0.22014609405161462,-0.20769127033895238,108826,108826,False,False,False
場xコース|in_gain|lag3,-14.488069513626822,0.06261820770103328,0.20374565444082146,181362,179830,True,False,False
選手x今節|wind|lag5,-1.0900522272216926,-0.27736060427480874,-0.19711016360385045,62250,62250,False,False,False
モーターx今節|wind|w5,-1.1049519006460038,0.19688237804298303,0.19654461309771243,111125,111054,False,False,False
場xコース|tt_z|lag5,-31.870551073150146,0.7344406521500895,0.19529145090141325,171370,169928,True,False,False
場xコース|tt_rank|lag5,-31.870551073150146,0.7344406521500895,0.19529145090141325,171370,169928,True,False,False
場xコース|course|lag3,-35.53880361536227,1.3704558558351159,0.193555624990526,181362,179830,True,False,False
選手x今節|wind|wall,-1.143394067794115,-0.19100518820512705,-0.18065209433337956,108826,108826,False,False,False
選手x今節|wind|w50,-1.143394067794115,-0.19100518820512705,-0.18065209433337956,108826,108826,False,False,False
選手x今節|wind|w20,-1.143394067794115,-0.19100518820512705,-0.18065209433337956,108826,108826,False,False,False
場xコース|tt_rank|wall,-35.51247887351527,1.533037249855726,0.16236838206418464,183719,182173,True,False,False
場xコース|stf|lag2,7.62500635757027,-0.0059772346496441255,-0.14760965616559252,181376,179845,True,False,False
モーターx今節|wind|w10,-0.9798759014515209,0.1519720884477481,0.1460381816438441,111125,111054,False,False,False
ボート|course|lag5,-12.875934724715027,-0.9559977392366115,0.14200200824580775,181008,179542,True,False,False
場xコース|bad|lag1,-3.013684565531648,-0.09029167407629422,-0.13085156681180604,183719,182173,False,False,False
場xコース|course|w5,-35.55691111230059,1.308508199546599,0.1269784766150981,183719,182173,True,False,False
選手x今節|wind|lag2,-1.9480389861411982,-0.09274133132842295,-0.12395970319763926,126463,126462,False,False,False
場xコース|maegumi|lag3,-33.36678930465892,0.13675609737386624,0.12163371240640988,181362,179830,True,False,False
場xコース|bad|wall,-31.94156995204408,0.8825226024688103,-0.1154902513441993,183719,182173,True,False,False
ボート|wind|w3,-0.565832863372291,-0.15548468120302333,-0.11102641228384186,183480,181977,False,False,False
モーター|stf|w20,-9.657220897152836,0.12064804318577958,-0.11062320930107555,183557,182028,True,False,False
場xコース|course|w3,-35.52830515754724,1.314728442856546,0.09902853674069283,176878,175374,True,False,False
モーターx今節|wind|w3,-0.589294992493304,-0.09899107953017587,-0.09662757832424831,111125,111054,False,False,False
選手|natwin|lag1,35.08924117020917,17.071197000814834,0.09594285871915184,183538,182010,True,True,False
場xコース|course|lag1,-35.542345724516245,1.048507389250779,-0.09379309659118906,181379,179846,True,False,False
選手x場|stf|lag3,-15.444204669154319,0.22547679679996507,-0.09060911567992194,150171,149339,True,False,False
モーターx今節|wind|lag2,-1.9834354554924964,-0.05574099425082831,-0.09014245640741204,128206,128133,False,False,False
ボート|st_rel|wall,-2.466276137261154,-0.8299667119200925,0.08572965477196733,183480,181977,False,False,False
ボート|wind|w5,-1.2293715998030479,-0.22004546017824958,-0.08197518705318506,183480,181977,False,False,False
場xコース|course|lag2,-35.54458792143936,1.0925367979422858,-0.0754697278416809,181376,179845,True,False,False
場xコース|tt_rank|lag3,-32.00172203650543,0.039983797640189375,-0.07007430086366734,171143,169696,True,False,False
場xコース|tt_z|lag3,-32.00172203650543,0.039983797640189375,-0.07007430086366734,171143,169696,True,False,False
モーターx今節|wind|lag5,-0.874479062027342,-0.11584020622710325,-0.0686474688370146,65980,65909,False,False,False
モーターx今節|wind|wall,-0.1537421353076646,0.06175947134212233,0.061275358583909076,111125,111054,False,False,False
ボート|stf|w50,-6.785510232397008,-0.18656943882646657,0.058258844467116995,183480,181977,True,False,False
モーターx今節|wind|w50,-0.7641464159486447,0.039087247400753325,0.057701569674251954,111125,111054,False,False,False
場xコース|bad|w10,-5.219093549387252,0.14934183834797385,-0.05515416137453241,183719,182173,True,False,False
選手x今節|wind|w5,-1.2766501336562228,-0.05375853906210694,-0.04498156279368983,108826,108826,False,False,False
場xコース|top3|wall,35.55823678763806,-1.122842517219041,0.03285279048986057,183719,182173,True,False,False
ボート|wind|w10,-0.48628361757861466,-0.11266810863625452,0.029554817423301308,183480,181977,False,False,False
場xコース|course|w20,-35.55908582129124,1.2000062422193136,0.023926056543500406,183719,182173,True,False,False
場xコース|in_gain|w3,-19.780404709562625,-0.2055445183170212,-0.016646735309257997,176878,175374,True,False,False
場xコース|fin|wall,-35.55854928633313,1.1783790443035513,0.00865044832767735,183719,182173,True,False,False
場xコース|course|w10,-35.55905507478119,1.1771336393831113,-0.0025637173006044962,183719,182173,True,False,False
場xコース|course|w50,-35.55909663987835,1.1756127792267428,-8.671506927351657e-06,183719,182173,True,False,False
場xコース|top2|wall,35.55909663987835,-1.175611146474105,9.684747194275812e-14,183719,182173,True,False,False
場xコース|course|wall,-35.55909663987835,1.175611146474105,-9.684747194275812e-14,183719,182173,True,False,False
場xコース|win|休み日数,,,,183719,182173,False,False,False
場xコース|top2|休み日数,,,,183719,182173,False,False,False
場xコース|top3|休み日数,,,,183719,182173,False,False,False
場xコース|fin|休み日数,,,,183719,182173,False,False,False
場xコース|bad|休み日数,,,,183719,182173,False,False,False
場xコース|tt_z|休み日数,,,,183719,182173,False,False,False
場xコース|tt_rank|休み日数,,,,183719,182173,False,False,False
場xコース|natwin|休み日数,,,,183719,182173,False,False,False
場xコース|wind|wall,,,,183719,182173,False,False,False
場xコース|wind|w3,,,,183719,182173,False,False,False
場xコース|wind|w5,,,,183719,182173,False,False,False
場xコース|wind|w10,,,,183719,182173,False,False,False
場xコース|wind|w20,,,,183719,182173,False,False,False
場xコース|wind|w50,,,,183719,182173,False,False,False
場xコース|wind|lag1,,,,183719,182173,False,False,False
場xコース|wind|lag2,,,,183719,182173,False,False,False
場xコース|wind|lag3,,,,183719,182173,False,False,False
場xコース|wind|lag5,,,,183719,182173,False,False,False
場xコース|wind|休み日数,,,,183719,182173,False,False,False
場xコース|st|休み日数,,,,183719,182173,False,False,False
場xコース|st_rel|休み日数,,,,183719,182173,False,False,False
場xコース|stf|休み日数,,,,183719,182173,False,False,False
場xコース|course|休み日数,,,,183719,182173,False,False,False
場xコース|maegumi|休み日数,,,,183719,182173,False,False,False
場xコース|in_gain|休み日数,,,,183719,182173,False,False,False
